2,Sandia Light,00001000,Lacteos,2027-04-08,La Famosa,184.91,356
4,Uva Original,00001001,Lacteos,2026-04-08,Dos Pinos,151.7,297
1,Lechuga Grande,00001002,Congelados,2027-04-15,Montaña,71.71,455
6,Coliflor Familiar,00001003,Granos,2027-06-09,La Famosa,56.18,400
8,Sal Light,00001004,Verduras,2026-06-20,Goya,202.36,383
4,Naranja Light,00001005,Verduras,2026-05-27,Tropical,221.71,195
5,Lechuga Light,00001006,Lacteos,2027-05-03,Sazon,217.02,204
2,Zanahoria Grande,00001007,Frutas,2026-06-07,Goya,176.35,359
4,Fresa Grande,00001008,Granos,2027-04-06,Unilever,96.73,483
4,Aguacate Natural,00001009,Lacteos,2026-01-26,Knorr,102.09,43
8,Servilleta Especial,00001010,Congelados,2026-11-16,Palmolive,221.52,339
7,Jugo Clasico,00001011,Granos,2026-09-18,Goya,187.51,229
3,Sardina Premium,00001012,Granos,2027-02-25,Bimbo,215.69,88
5,Shampoo Grande,00001013,Verduras,2027-07-13,Tropical,249.04,280
6,Manzana Personal,00001014,Lacteos,2027-02-22,Campesina,188.47,403
3,Cafe Clasico,00001015,Verduras,2026-01-24,Goya,243.06,400
6,Chile Jumbo,00001016,Panaderia,2027-05-27,Dos Pinos,153.42,88
2,Coliflor Extra,00001017,Higiene,2027-09-01,Tropical,83.07,19
2,Bolsa Natural,00001018,Carnes,2026-04-19,Nestlé,24.16,258
7,Coliflor Organico,00001019,Granos,2026-08-18,Diana,68.47,456
6,Avena Jumbo,00001020,Higiene,2027-12-07,Maggi,101.55,353
4,Papa Jumbo,00001021,Higiene,2026-04-08,Nestlé,86.51,311
6,Uva Premium,00001022,Lacteos,2026-11-02,Sazon,19.65,26
8,Aceite Organico,00001023,Bebidas,2026-08-07,Campesina,35.68,488
7,Chocolate Familiar,00001024,Limpieza,2027-04-04,Del Monte,165.77,191
6,Huevo Integral,00001025,Congelados,2026-11-21,Del Monte,17.97,382
5,Jabon Personal,00001026,Panaderia,2026-04-18,Unilever,37.63,103
1,Zanahoria Premium,00001027,Panaderia,2026-09-04,Bimbo,164.08,286
1,Azucar Jumbo,00001028,Bebidas,2026-08-16,Kern's,216.57,472
8,Agua Original,00001029,Lacteos,2027-05-26,Unilever,73.46,366
1,Jugo Premium,00001030,Carnes,2026-01-19,Campesina,18.06,170
3,Frijol Especial,00001031,Limpieza,2027-09-06,Bimbo,240.31,51
4,Aceite Especial,00001032,Panaderia,2027-04-13,Del Monte,235.57,301
5,Uva Especial,00001033,Lacteos,2027-07-22,Montaña,142.61,171
8,Avena Grande,00001034,Congelados,2026-05-13,La Famosa,168.91,163
5,Pollo Jumbo,00001035,Panaderia,2026-10-19,Del Monte,21.1,119
5,Te Jumbo,00001036,Frutas,2027-04-12,Maggi,41.96,436
2,Melon Familiar,00001037,Conservas,2027-11-27,Campesina,76.95,349
4,Pañal Extra,00001038,Carnes,2026-02-24,Campesina,41.4,154
1,Lechuga Natural,00001039,Bebidas,2027-05-17,Lala,65.03,474
5,Azucar Grande,00001040,Verduras,2027-01-01,Knorr,193.47,336
3,Agua Pequeño,00001041,Limpieza,2027-07-18,Foremost,30.63,493
1,Naranja Entera,00001042,Frutas,2027-03-14,La Famosa,13.33,196
7,Toalla Natural,00001043,Bebidas,2027-11-04,Colgate,195.69,462
3,Melon Pequeño,00001044,Granos,2027-04-28,Diana,244.12,425
4,Pañal Original,00001045,Lacteos,2026-06-26,P&G,201.15,452
8,Queso Extra,00001046,Congelados,2026-01-28,Lala,57.94,428
2,Atun Clasico,00001047,Bebidas,2026-11-07,Palmolive,84.08,452
2,Maiz Clasico,00001048,Frutas,2027-07-22,Campesina,84.79,24
6,Pañal Clasico,00001049,Granos,2027-05-02,Del Monte,150.35,186
1,Tomate Especial,00001050,Higiene,2026-10-07,Goya,13.96,233
6,Limon Jumbo,00001051,Higiene,2027-12-24,Kern's,92.96,45
6,Melon Natural,00001052,Conservas,2027-12-10,Dos Pinos,79.39,219
3,Salchicha Pequeño,00001053,Carnes,2027-04-14,Palmolive,170.3,472
6,Melon Especial,00001054,Carnes,2026-01-10,Maggi,54.92,412
6,Zanahoria Integral,00001055,Limpieza,2027-09-16,Diana,165.74,155
4,Azucar Personal,00001056,Bebidas,2027-04-26,Kern's,39.4,33
8,Cebolla Especial,00001057,Panaderia,2026-11-19,Kern's,180.43,206
3,Salchicha Premium,00001058,Granos,2027-01-25,Del Monte,195.27,122
8,Jabon Pequeño,00001059,Higiene,2026-09-08,Del Monte,115.75,420
8,Mango Organico,00001060,Higiene,2027-08-20,Dos Pinos,108.4,474
8,Toalla Extra,00001061,Congelados,2027-08-09,Sazon,210.45,151
2,Sandia Premium,00001062,Carnes,2026-12-10,Sazon,70.11,173
6,Te Extra,00001063,Bebidas,2026-03-23,Kern's,18.86,218
7,Naranja Integral,00001064,Verduras,2026-07-13,Montaña,236.68,20
4,Cebolla Entera,00001065,Frutas,2026-07-28,P&G,135.94,386
7,Ajo Premium,00001066,Carnes,2026-01-13,Knorr,168.21,418
1,Espinaca Extra,00001067,Limpieza,2027-10-18,Foremost,227.01,313
4,Azucar Grande,00001068,Verduras,2026-08-06,Bimbo,67.26,177
8,Zanahoria Natural,00001069,Frutas,2027-07-09,P&G,65.31,51
1,Pan Pequeño,00001070,Higiene,2026-06-08,Nestlé,195.96,343
2,Coliflor Entera,00001071,Bebidas,2026-01-20,La Famosa,61.92,252
2,Platano Premium,00001072,Limpieza,2027-06-06,Tropical,152.99,392
7,Maiz Personal,00001073,Granos,2027-02-19,Foremost,232.44,304
5,Salchicha Pequeño,00001074,Bebidas,2026-12-27,Sazon,28.17,405
6,Desinfectante Grande,00001075,Snacks,2027-10-26,Bimbo,88.76,229
8,Aceite Organico,00001076,Conservas,2026-07-27,Lala,29.07,195
8,Lechuga Extra,00001077,Verduras,2026-09-21,Goya,155.13,480
5,Zanahoria Original,00001078,Congelados,2027-06-28,Sazon,208.19,54
6,Pañal Integral,00001079,Bebidas,2027-10-20,Palmolive,86.09,263
5,Refresco Integral,00001080,Bebidas,2026-05-11,Goya,220.44,369
4,Manzana Entera,00001081,Higiene,2027-02-08,P&G,123.68,398
7,Pepino Integral,00001082,Conservas,2027-08-26,Foremost,25.98,123
6,Pepino Premium,00001083,Carnes,2027-06-16,Campesina,134.14,227
2,Atun Pequeño,00001084,Limpieza,2026-05-08,Del Monte,181.16,171
5,Brocoli Organico,00001085,Congelados,2026-04-24,Lala,71.3,311
3,Sal Personal,00001086,Bebidas,2026-06-06,Maggi,6.49,283
5,Queso Entera,00001087,Lacteos,2027-12-05,Lala,28.34,16
7,Cebolla Integral,00001088,Limpieza,2026-01-09,Lala,31.18,43
5,Ajo Light,00001089,Snacks,2027-01-05,La Famosa,203.35,495
7,Azucar Premium,00001090,Panaderia,2027-07-20,Tropical,198.31,125
2,Papa Jumbo,00001091,Limpieza,2026-10-14,Maggi,143.45,40
2,Coliflor Premium,00001092,Conservas,2026-11-03,Diana,62.25,292
5,Agua Entera,00001093,Verduras,2026-10-16,Maggi,11.06,157
4,Pepino Personal,00001094,Limpieza,2026-04-09,Montaña,166.31,488
5,Tomate Light,00001095,Higiene,2026-03-09,La Famosa,20.64,94
7,Fresa Pequeño,00001096,Snacks,2027-08-04,Unilever,173.1,368
6,Queso Organico,00001097,Higiene,2026-02-20,Bimbo,222.69,386
5,Fresa Clasico,00001098,Lacteos,2026-11-27,Montaña,148.02,20
7,Platano Entera,00001099,Granos,2026-11-15,Goya,47.83,309
2,Sandia Personal,00001100,Limpieza,2027-08-12,P&G,85.33,353
1,Desinfectante Extra,00001101,Frutas,2026-08-10,Palmolive,203.95,291
1,Zanahoria Light,00001102,Frutas,2026-02-25,Palmolive,216.63,432
8,Mango Personal,00001103,Higiene,2026-01-07,Dos Pinos,92.36,397
8,Sandia Integral,00001104,Lacteos,2026-09-05,Maggi,111.21,367
7,Cafe Entera,00001105,Conservas,2027-04-23,Diana,79.76,17
5,Azucar Premium,00001106,Panaderia,2026-02-21,La Famosa,126.1,376
7,Chile Pequeño,00001107,Carnes,2026-08-16,Sazon,115.83,84
7,Cereal Jumbo,00001108,Snacks,2027-03-28,Nestlé,71.23,414
8,Carne Jumbo,00001109,Higiene,2026-01-10,Maggi,209.86,306
8,Papel Extra,00001110,Limpieza,2027-06-11,Campesina,191.43,203
7,Bolsa Natural,00001111,Bebidas,2027-04-19,Palmolive,60.69,407
3,Arroz Natural,00001112,Congelados,2026-07-13,La Famosa,125.35,28
3,Chile Especial,00001113,Frutas,2027-08-04,Dos Pinos,227.88,17
7,Huevo Personal,00001114,Conservas,2027-02-16,Goya,86.62,364
8,Pina Light,00001115,Frutas,2027-09-13,Knorr,157.82,464
2,Papel Organico,00001116,Lacteos,2027-04-21,Maggi,249.36,392
1,Tomate Light,00001117,Conservas,2027-02-15,Diana,174.42,472
3,Arroz Natural,00001118,Lacteos,2026-06-14,La Famosa,63.32,220
3,Agua Extra,00001119,Panaderia,2027-07-20,Sazon,125.92,308
5,Galleta Integral,00001120,Conservas,2026-05-22,Foremost,225.03,248
5,Aguacate Organico,00001121,Granos,2026-06-19,Maggi,160.82,227
6,Zanahoria Personal,00001122,Carnes,2026-07-28,Lala,29.34,205
1,Platano Clasico,00001123,Congelados,2026-11-13,Goya,5.0,452
4,Servilleta Especial,00001124,Congelados,2026-05-25,Sazon,152.95,190
1,Sandia Premium,00001125,Snacks,2026-12-25,La Famosa,158.18,472
6,Crema Familiar,00001126,Limpieza,2026-06-24,La Famosa,25.26,161
3,Brocoli Original,00001127,Granos,2026-09-12,Dos Pinos,126.94,149
2,Mantequilla Jumbo,00001128,Limpieza,2027-05-24,Knorr,201.65,249
6,Jugo Familiar,00001129,Bebidas,2027-12-22,Palmolive,241.92,421
5,Azucar Familiar,00001130,Verduras,2026-09-04,Unilever,94.04,393
6,Uva Original,00001131,Conservas,2027-02-22,Sazon,119.45,327
7,Servilleta Especial,00001132,Bebidas,2027-11-27,Unilever,227.62,164
3,Cafe Extra,00001133,Lacteos,2027-05-16,Del Monte,27.01,464
3,Jamon Integral,00001134,Frutas,2027-12-23,Campesina,106.52,390
1,Pañal Original,00001135,Conservas,2026-08-20,P&G,234.95,153
6,Pepino Natural,00001136,Bebidas,2026-04-28,Colgate,27.54,361
8,Naranja Jumbo,00001137,Conservas,2026-07-09,Kern's,242.15,495
3,Azucar Grande,00001138,Bebidas,2027-10-01,Bimbo,197.34,134
4,Shampoo Especial,00001139,Bebidas,2026-09-07,Montaña,56.34,455
3,Carne Familiar,00001140,Granos,2027-10-01,Goya,215.03,84
4,Naranja Clasico,00001141,Granos,2026-01-05,Foremost,91.49,413
2,Uva Natural,00001142,Lacteos,2026-01-05,P&G,132.94,391
1,Cebolla Integral,00001143,Frutas,2027-02-15,Dos Pinos,57.72,324
7,Espinaca Familiar,00001144,Conservas,2027-08-21,Foremost,18.02,255
2,Tomate Grande,00001145,Panaderia,2026-08-03,Nestlé,82.56,85
5,Te Clasico,00001146,Snacks,2027-09-23,Knorr,97.08,315
7,Zanahoria Organico,00001147,Snacks,2026-12-04,Campesina,181.05,120
7,Papa Jumbo,00001148,Bebidas,2026-08-13,P&G,183.21,170
2,Pollo Grande,00001149,Carnes,2026-03-22,Lala,19.58,435
6,Azucar Original,00001150,Panaderia,2027-06-26,La Famosa,140.42,310
1,Mango Light,00001151,Verduras,2026-11-25,P&G,217.42,379
4,Yogur Especial,00001152,Carnes,2026-10-17,Kern's,41.22,256
7,Desinfectante Light,00001153,Frutas,2027-06-04,Goya,144.8,423
5,Desinfectante Organico,00001154,Snacks,2027-11-18,Foremost,153.42,346
3,Pan Extra,00001155,Carnes,2027-05-11,Colgate,4.51,455
4,Platano Grande,00001156,Verduras,2026-12-21,Foremost,25.66,281
2,Jamon Original,00001157,Limpieza,2026-06-10,Knorr,194.88,300
7,Pañal Entera,00001158,Granos,2026-10-02,Nestlé,70.21,348
2,Ajo Especial,00001159,Limpieza,2026-04-25,Dos Pinos,31.11,230
1,Yogur Grande,00001160,Conservas,2027-09-22,Maggi,14.22,212
1,Leche Premium,00001161,Carnes,2027-03-25,Goya,74.49,71
6,Ajo Pequeño,00001162,Verduras,2026-07-18,Sazon,126.56,436
7,Aceite Original,00001163,Congelados,2026-01-15,Nestlé,215.94,304
3,Platano Original,00001164,Congelados,2027-05-04,Palmolive,8.15,176
7,Jabon Especial,00001165,Limpieza,2027-06-03,P&G,211.59,134
3,Uva Original,00001166,Higiene,2026-05-24,Knorr,57.73,408
3,Aceite Organico,00001167,Conservas,2026-09-07,Colgate,89.72,500
2,Chocolate Light,00001168,Granos,2026-03-20,La Famosa,190.77,345
6,Refresco Familiar,00001169,Conservas,2026-10-25,Montaña,113.88,483
5,Papel Grande,00001170,Frutas,2026-02-16,Unilever,158.95,417
5,Uva Entera,00001171,Frutas,2027-05-15,Unilever,12.29,198
1,Aceite Grande,00001172,Panaderia,2027-09-13,Unilever,146.34,498
1,Papa Jumbo,00001173,Snacks,2027-06-20,Lala,126.84,500
8,Papa Light,00001174,Frutas,2027-02-17,Diana,12.67,372
6,Papa Organico,00001175,Higiene,2027-06-12,Maggi,98.69,406
7,Aguacate Especial,00001176,Lacteos,2027-11-11,Nestlé,84.43,295
3,Yogur Clasico,00001177,Congelados,2027-10-28,La Famosa,85.34,308
2,Servilleta Natural,00001178,Carnes,2027-12-22,Palmolive,34.85,372
2,Crema Organico,00001179,Verduras,2027-06-27,La Famosa,168.52,434
6,Pina Grande,00001180,Verduras,2027-01-12,Maggi,47.52,119
2,Maiz Integral,00001181,Bebidas,2026-03-05,Nestlé,76.06,413
3,Chile Familiar,00001182,Higiene,2027-09-02,Knorr,219.47,326
8,Fresa Original,00001183,Granos,2026-12-25,Tropical,202.83,94
8,Arroz Original,00001184,Frutas,2027-04-15,Tropical,73.38,393
8,Galleta Organico,00001185,Bebidas,2026-08-27,Kern's,93.86,494
4,Zanahoria Familiar,00001186,Carnes,2027-09-17,P&G,241.67,428
2,Jabon Especial,00001187,Granos,2027-01-21,Lala,218.91,293
3,Lechuga Personal,00001188,Higiene,2027-05-03,Diana,70.38,473
1,Suavizante Original,00001189,Panaderia,2027-04-27,Unilever,221.5,486
6,Huevo Entera,00001190,Verduras,2027-04-13,Nestlé,95.6,24
8,Bolsa Light,00001191,Congelados,2027-03-05,Bimbo,73.86,434
1,Pepino Personal,00001192,Granos,2027-08-15,Tropical,4.3,50
5,Mantequilla Premium,00001193,Granos,2027-12-20,Dos Pinos,107.54,407
8,Chocolate Clasico,00001194,Panaderia,2026-07-21,Tropical,115.91,66
6,Fresa Organico,00001195,Lacteos,2027-10-08,La Famosa,74.94,10
1,Chocolate Especial,00001196,Verduras,2026-11-03,Dos Pinos,243.74,44
2,Jamon Personal,00001197,Limpieza,2026-07-12,Goya,187.59,192
3,Atun Premium,00001198,Congelados,2027-02-25,Montaña,184.59,180
3,Arroz Natural,00001199,Higiene,2026-11-06,Unilever,245.26,255
4,Jabon Extra,00001200,Panaderia,2027-08-02,Maggi,52.79,415
4,Pañal Entera,00001201,Frutas,2027-09-13,Campesina,119.93,28
7,Yogur Natural,00001202,Lacteos,2027-06-09,Del Monte,200.44,233
5,Brocoli Integral,00001203,Verduras,2026-03-16,Lala,93.73,418
2,Jabon Light,00001204,Congelados,2026-07-20,Diana,137.73,174
6,Azucar Natural,00001205,Conservas,2026-08-20,P&G,44.16,237
1,Papa Entera,00001206,Congelados,2027-06-20,P&G,70.82,415
8,Aceite Grande,00001207,Conservas,2026-09-26,Diana,238.34,83
1,Arroz Extra,00001208,Panaderia,2026-11-12,Colgate,97.57,300
3,Fresa Extra,00001209,Conservas,2026-06-12,Unilever,191.48,303
8,Limon Natural,00001210,Verduras,2026-05-08,Del Monte,9.4,105
5,Limon Original,00001211,Higiene,2026-05-23,Unilever,56.0,323
8,Pepino Jumbo,00001212,Limpieza,2026-03-28,Nestlé,114.65,470
5,Azucar Familiar,00001213,Conservas,2027-06-22,Colgate,178.26,291
4,Toalla Clasico,00001214,Granos,2027-12-21,Diana,199.04,270
8,Cafe Premium,00001215,Granos,2026-08-01,Colgate,139.84,198
8,Jabon Organico,00001216,Granos,2027-02-03,Maggi,101.35,377
8,Limon Original,00001217,Verduras,2027-02-05,Knorr,161.66,240
7,Aguacate Organico,00001218,Frutas,2026-09-21,Montaña,47.94,76
4,Chile Jumbo,00001219,Lacteos,2027-09-05,Maggi,43.67,175
5,Atun Organico,00001220,Carnes,2027-05-07,Campesina,70.79,330
6,Melon Organico,00001221,Panaderia,2027-03-19,Montaña,41.09,347
5,Suavizante Jumbo,00001222,Snacks,2026-01-03,Bimbo,237.29,404
5,Pina Premium,00001223,Snacks,2026-11-01,Lala,222.58,289
1,Pina Clasico,00001224,Limpieza,2026-11-13,Maggi,115.03,362
6,Agua Integral,00001225,Verduras,2026-04-11,Tropical,38.49,451
6,Espinaca Personal,00001226,Frutas,2027-03-25,Colgate,130.2,64
7,Chocolate Integral,00001227,Panaderia,2026-04-05,Del Monte,15.5,494
6,Papel Especial,00001228,Verduras,2026-03-27,Knorr,233.64,379
1,Cereal Familiar,00001229,Granos,2026-09-15,Lala,220.13,264
5,Azucar Original,00001230,Higiene,2026-04-07,Montaña,90.17,35
3,Ajo Especial,00001231,Conservas,2027-05-18,Foremost,212.25,230
4,Pañal Clasico,00001232,Congelados,2026-07-12,Bimbo,101.94,301
2,Sardina Organico,00001233,Carnes,2026-09-15,Campesina,72.09,329
7,Te Light,00001234,Verduras,2026-06-18,Colgate,189.48,111
3,Chile Entera,00001235,Lacteos,2026-12-11,Lala,131.28,86
8,Pollo Jumbo,00001236,Snacks,2026-07-20,Maggi,149.65,269
5,Lechuga Especial,00001237,Carnes,2026-01-12,Knorr,169.43,223
4,Shampoo Jumbo,00001238,Congelados,2027-11-01,Tropical,120.22,345
3,Espinaca Entera,00001239,Snacks,2026-09-21,Tropical,194.33,204
7,Detergente Grande,00001240,Bebidas,2026-12-04,Kern's,7.68,170
1,Jugo Original,00001241,Congelados,2026-09-25,Tropical,230.37,456
3,Lechuga Extra,00001242,Higiene,2026-06-22,Lala,132.79,170
4,Zanahoria Jumbo,00001243,Higiene,2026-06-22,Goya,153.69,108
8,Queso Organico,00001244,Carnes,2026-05-25,Maggi,177.11,363
7,Pollo Integral,00001245,Frutas,2027-12-09,Maggi,33.1,356
2,Toalla Original,00001246,Frutas,2027-03-10,Bimbo,74.04,375
5,Atun Jumbo,00001247,Limpieza,2027-12-16,Kern's,52.91,285
4,Bolsa Organico,00001248,Congelados,2026-02-20,Montaña,62.1,35
3,Sandia Premium,00001249,Lacteos,2026-06-23,Lala,27.83,404
6,Leche Organico,00001250,Granos,2026-08-16,Kern's,189.71,157
1,Yogur Grande,00001251,Lacteos,2027-02-21,Montaña,60.36,388
5,Servilleta Jumbo,00001252,Granos,2026-03-02,Palmolive,197.63,105
8,Pañal Entera,00001253,Lacteos,2026-10-04,Knorr,73.29,338
8,Pañal Extra,00001254,Higiene,2026-04-26,Del Monte,84.68,384
4,Pina Clasico,00001255,Congelados,2026-12-11,Maggi,143.24,397
2,Refresco Especial,00001256,Conservas,2027-07-17,Knorr,24.42,352
5,Refresco Extra,00001257,Limpieza,2026-04-01,Goya,97.74,238
2,Carne Clasico,00001258,Snacks,2027-01-09,Colgate,174.11,41
5,Zanahoria Clasico,00001259,Granos,2026-09-23,Maggi,173.5,337
6,Sardina Especial,00001260,Bebidas,2026-03-16,La Famosa,115.38,320
2,Huevo Pequeño,00001261,Higiene,2027-09-26,Kern's,191.18,358
4,Limon Integral,00001262,Higiene,2027-02-19,Del Monte,18.25,290
8,Platano Organico,00001263,Granos,2026-09-15,Del Monte,171.03,377
1,Azucar Jumbo,00001264,Higiene,2026-01-15,La Famosa,129.77,243
4,Manzana Integral,00001265,Conservas,2027-12-01,Palmolive,65.85,11
2,Uva Light,00001266,Lacteos,2026-12-03,Campesina,248.55,488
7,Bolsa Integral,00001267,Lacteos,2026-03-25,La Famosa,192.16,383
3,Sardina Jumbo,00001268,Verduras,2026-07-13,Nestlé,171.63,348
1,Pina Personal,00001269,Frutas,2026-09-13,Dos Pinos,34.45,124
4,Coliflor Entera,00001270,Carnes,2026-12-18,P&G,134.39,431
7,Chocolate Integral,00001271,Frutas,2026-04-24,Del Monte,10.96,348
1,Melon Familiar,00001272,Lacteos,2026-02-04,Tropical,11.29,316
1,Chocolate Pequeño,00001273,Lacteos,2026-04-18,Kern's,189.33,407
6,Te Organico,00001274,Carnes,2026-12-19,Knorr,145.64,405
3,Chocolate Clasico,00001275,Granos,2027-09-08,P&G,77.22,41
7,Sandia Grande,00001276,Verduras,2027-01-12,Palmolive,197.09,173
3,Huevo Extra,00001277,Carnes,2026-09-16,Sazon,212.79,163
5,Jabon Integral,00001278,Lacteos,2027-07-18,Dos Pinos,36.12,134
4,Avena Natural,00001279,Conservas,2026-08-28,Colgate,25.84,380
4,Frijol Clasico,00001280,Verduras,2027-10-02,Nestlé,49.48,399
8,Cebolla Premium,00001281,Frutas,2026-01-07,Kern's,240.63,70
5,Servilleta Premium,00001282,Congelados,2027-04-13,Sazon,139.36,407
8,Jamon Integral,00001283,Higiene,2027-05-09,Colgate,129.67,264
4,Sal Familiar,00001284,Congelados,2026-06-07,Colgate,80.29,33
6,Brocoli Extra,00001285,Lacteos,2026-10-19,P&G,75.91,110
8,Galleta Original,00001286,Snacks,2027-08-18,Knorr,66.56,430
8,Espinaca Grande,00001287,Congelados,2026-03-24,Colgate,44.81,378
1,Refresco Jumbo,00001288,Higiene,2027-01-17,Bimbo,210.25,48
4,Coliflor Entera,00001289,Verduras,2026-11-08,Nestlé,177.67,14
8,Chile Integral,00001290,Frutas,2026-11-22,Tropical,228.45,347
5,Pan Entera,00001291,Higiene,2027-01-01,Dos Pinos,181.38,284
4,Pan Organico,00001292,Congelados,2027-03-04,Del Monte,132.52,133
8,Melon Organico,00001293,Carnes,2027-05-26,Palmolive,22.52,217
1,Platano Premium,00001294,Congelados,2026-11-27,Nestlé,164.47,449
8,Azucar Original,00001295,Verduras,2026-08-02,Foremost,176.6,52
1,Desinfectante Original,00001296,Conservas,2027-10-28,Del Monte,224.01,480
5,Galleta Premium,00001297,Congelados,2027-08-09,Bimbo,231.27,360
3,Toalla Organico,00001298,Snacks,2027-03-28,Knorr,6.87,116
7,Coliflor Personal,00001299,Congelados,2027-02-10,Diana,142.3,300
1,Aguacate Jumbo,00001300,Higiene,2026-12-05,Nestlé,126.7,187
6,Sal Original,00001301,Bebidas,2027-06-20,Tropical,238.85,213
7,Pan Grande,00001302,Carnes,2027-08-16,Sazon,90.89,491
2,Tomate Extra,00001303,Conservas,2027-07-03,Tropical,75.96,136
2,Azucar Clasico,00001304,Granos,2026-11-05,Palmolive,81.22,64
8,Leche Clasico,00001305,Limpieza,2026-05-04,La Famosa,24.56,230
6,Manzana Organico,00001306,Higiene,2026-01-03,Colgate,139.89,315
4,Papel Original,00001307,Lacteos,2026-07-25,Nestlé,182.04,296
3,Platano Organico,00001308,Granos,2027-03-05,Goya,77.38,262
4,Aceite Extra,00001309,Verduras,2026-05-16,Nestlé,92.2,493
7,Espinaca Grande,00001310,Limpieza,2027-04-15,Del Monte,36.47,13
3,Carne Personal,00001311,Snacks,2026-06-15,Knorr,109.36,431
6,Crema Natural,00001312,Snacks,2027-04-16,Knorr,46.88,213
7,Yogur Pequeño,00001313,Congelados,2027-10-26,Sazon,83.49,153
8,Sardina Light,00001314,Snacks,2026-09-06,Campesina,9.65,382
5,Lechuga Premium,00001315,Limpieza,2027-12-03,P&G,169.23,81
8,Chocolate Clasico,00001316,Conservas,2026-07-26,Palmolive,21.27,316
2,Uva Original,00001317,Higiene,2027-12-14,Campesina,12.08,194
7,Sal Familiar,00001318,Bebidas,2027-06-06,Tropical,13.94,340
4,Coliflor Natural,00001319,Verduras,2026-02-09,Sazon,129.14,275
8,Papa Natural,00001320,Verduras,2026-11-19,Dos Pinos,40.23,22
8,Sal Clasico,00001321,Verduras,2027-02-04,La Famosa,89.04,185
6,Shampoo Premium,00001322,Higiene,2026-08-04,Unilever,181.33,241
3,Aceite Clasico,00001323,Lacteos,2027-02-01,Knorr,163.05,356
8,Bolsa Pequeño,00001324,Bebidas,2027-09-06,Knorr,141.28,500
4,Galleta Familiar,00001325,Verduras,2027-03-21,P&G,100.71,387
2,Papa Especial,00001326,Verduras,2026-12-07,Kern's,71.75,370
8,Platano Light,00001327,Higiene,2026-06-07,Unilever,31.15,353
8,Limon Grande,00001328,Frutas,2027-10-13,Montaña,31.22,190
6,Melon Extra,00001329,Conservas,2027-05-20,Montaña,23.93,78
3,Cafe Premium,00001330,Carnes,2026-06-23,La Famosa,129.17,224
5,Platano Original,00001331,Verduras,2026-11-18,Diana,140.06,260
3,Te Extra,00001332,Frutas,2027-10-02,Colgate,238.1,258
7,Cereal Personal,00001333,Verduras,2027-09-21,Lala,104.06,261
5,Lechuga Personal,00001334,Limpieza,2026-02-19,Foremost,199.58,122
8,Arroz Clasico,00001335,Bebidas,2027-03-25,Unilever,142.72,405
1,Manzana Organico,00001336,Panaderia,2027-05-25,Campesina,206.35,197
8,Coliflor Pequeño,00001337,Limpieza,2027-07-04,Sazon,76.53,26
6,Mantequilla Natural,00001338,Panaderia,2026-02-25,Sazon,54.84,387
4,Papel Pequeño,00001339,Snacks,2027-03-20,La Famosa,196.86,426
5,Jabon Entera,00001340,Snacks,2026-05-20,Campesina,44.59,370
7,Yogur Especial,00001341,Carnes,2027-09-22,Del Monte,36.49,394
6,Servilleta Entera,00001342,Carnes,2027-03-23,La Famosa,64.67,374
8,Suavizante Premium,00001343,Conservas,2026-03-19,Goya,158.07,202
6,Aceite Grande,00001344,Panaderia,2026-12-09,Colgate,115.31,259
7,Uva Entera,00001345,Congelados,2026-08-21,Colgate,212.98,417
3,Avena Original,00001346,Bebidas,2026-06-27,Maggi,86.43,305
8,Platano Personal,00001347,Limpieza,2027-11-25,Bimbo,14.35,330
3,Pan Light,00001348,Granos,2026-01-14,Kern's,248.94,475
3,Pañal Grande,00001349,Carnes,2026-05-03,Colgate,64.85,200
2,Frijol Original,00001350,Conservas,2026-12-25,Sazon,109.02,56
1,Leche Premium,00001351,Limpieza,2026-10-08,Dos Pinos,170.96,14
7,Pepino Natural,00001352,Panaderia,2027-07-23,La Famosa,120.99,127
3,Azucar Pequeño,00001353,Panaderia,2026-06-10,La Famosa,97.53,426
6,Pina Grande,00001354,Granos,2026-10-01,Tropical,163.55,235
2,Espinaca Premium,00001355,Conservas,2027-07-20,Unilever,215.41,54
4,Te Familiar,00001356,Panaderia,2027-07-12,P&G,80.68,81
1,Queso Grande,00001357,Panaderia,2026-10-20,Tropical,73.38,491
7,Desinfectante Personal,00001358,Conservas,2027-04-17,Tropical,128.85,392
2,Yogur Grande,00001359,Lacteos,2027-04-16,Palmolive,30.85,265
7,Limon Jumbo,00001360,Lacteos,2027-06-05,Palmolive,215.62,301
1,Sardina Organico,00001361,Conservas,2026-08-25,Nestlé,7.12,44
7,Mantequilla Premium,00001362,Lacteos,2027-07-17,Maggi,158.26,266
5,Tomate Pequeño,00001363,Verduras,2026-09-18,Tropical,40.71,52
2,Azucar Organico,00001364,Bebidas,2027-03-18,Knorr,99.51,334
2,Crema Pequeño,00001365,Verduras,2027-04-02,Sazon,24.29,232
3,Zanahoria Especial,00001366,Snacks,2026-11-24,Diana,32.5,372
5,Pepino Entera,00001367,Granos,2026-06-17,Dos Pinos,196.4,379
6,Agua Natural,00001368,Granos,2027-05-24,Del Monte,193.54,25
8,Jabon Original,00001369,Carnes,2027-05-23,Montaña,158.0,264
2,Chile Natural,00001370,Lacteos,2026-10-06,Colgate,41.86,405
1,Toalla Especial,00001371,Conservas,2027-04-24,Dos Pinos,3.63,449
7,Chocolate Entera,00001372,Limpieza,2026-03-06,Bimbo,139.56,477
6,Galleta Natural,00001373,Bebidas,2026-12-11,Goya,207.02,302
7,Cafe Organico,00001374,Conservas,2027-03-08,Dos Pinos,245.41,498
6,Aceite Jumbo,00001375,Limpieza,2027-05-11,Nestlé,139.61,14
8,Cereal Clasico,00001376,Snacks,2027-12-20,Sazon,117.59,312
7,Maiz Familiar,00001377,Bebidas,2027-09-25,Sazon,40.19,487
7,Pan Premium,00001378,Higiene,2026-12-01,Knorr,3.36,346
3,Desinfectante Pequeño,00001379,Congelados,2026-04-17,Sazon,106.69,40
6,Lechuga Clasico,00001380,Panaderia,2026-04-28,Dos Pinos,105.03,468
1,Zanahoria Pequeño,00001381,Panaderia,2027-09-05,Palmolive,21.48,300
6,Tomate Grande,00001382,Granos,2026-05-28,Knorr,231.73,211
3,Pollo Integral,00001383,Carnes,2026-04-05,Montaña,29.92,64
5,Papa Integral,00001384,Frutas,2026-09-12,Kern's,114.62,247
6,Desinfectante Light,00001385,Panaderia,2026-11-10,Tropical,12.96,437
5,Jugo Light,00001386,Congelados,2026-06-13,Dos Pinos,15.09,163
2,Detergente Extra,00001387,Lacteos,2027-08-18,Campesina,64.71,246
7,Jabon Familiar,00001388,Granos,2026-01-27,Sazon,35.29,431
2,Sardina Grande,00001389,Conservas,2027-02-19,Montaña,66.93,426
6,Pan Light,00001390,Bebidas,2027-08-26,La Famosa,25.72,443
7,Cafe Entera,00001391,Limpieza,2026-10-14,Palmolive,125.54,205
4,Refresco Natural,00001392,Bebidas,2027-05-09,Unilever,221.21,27
3,Pina Clasico,00001393,Limpieza,2026-09-16,Bimbo,24.67,206
6,Huevo Premium,00001394,Conservas,2027-09-08,Campesina,199.33,205
1,Cebolla Organico,00001395,Limpieza,2026-10-17,Knorr,98.93,102
4,Pollo Especial,00001396,Bebidas,2026-05-02,Lala,133.77,402
4,Agua Light,00001397,Bebidas,2027-05-18,Bimbo,191.72,495
6,Platano Personal,00001398,Verduras,2026-03-06,Sazon,149.35,422
4,Servilleta Especial,00001399,Lacteos,2027-06-19,Montaña,38.1,495
4,Suavizante Familiar,00001400,Limpieza,2027-03-16,Bimbo,25.29,129
6,Pan Organico,00001401,Limpieza,2026-10-07,La Famosa,87.17,100
6,Frijol Entera,00001402,Granos,2027-03-25,Del Monte,212.08,450
3,Aceite Natural,00001403,Congelados,2027-07-19,Del Monte,86.13,175
6,Agua Pequeño,00001404,Verduras,2027-08-21,Knorr,46.03,297
1,Galleta Grande,00001405,Snacks,2027-07-10,Maggi,34.46,383
4,Pepino Especial,00001406,Verduras,2027-10-02,Diana,151.79,481
3,Sandia Especial,00001407,Panaderia,2027-03-11,Nestlé,61.78,173
4,Sandia Jumbo,00001408,Panaderia,2027-11-21,Knorr,113.32,145
7,Chocolate Pequeño,00001409,Panaderia,2026-02-24,Foremost,14.89,234
8,Agua Jumbo,00001410,Verduras,2026-07-12,Campesina,95.71,434
1,Shampoo Personal,00001411,Snacks,2027-11-08,Diana,114.47,419
3,Yogur Entera,00001412,Frutas,2026-02-03,Knorr,45.02,202
8,Espinaca Light,00001413,Higiene,2027-02-11,Tropical,246.36,467
6,Lechuga Entera,00001414,Verduras,2027-03-20,P&G,41.8,61
5,Avena Premium,00001415,Verduras,2027-12-24,Campesina,68.52,154
1,Chocolate Light,00001416,Lacteos,2026-09-27,Lala,40.94,194
4,Tomate Light,00001417,Carnes,2027-11-20,Lala,52.32,23
8,Agua Grande,00001418,Carnes,2027-08-28,Del Monte,79.16,213
7,Ajo Jumbo,00001419,Conservas,2026-11-18,Palmolive,48.67,463
1,Sardina Extra,00001420,Limpieza,2026-08-15,Goya,58.88,147
4,Jugo Familiar,00001421,Congelados,2027-02-22,Colgate,202.62,221
8,Manzana Entera,00001422,Verduras,2027-07-18,Lala,144.46,130
3,Crema Light,00001423,Verduras,2027-12-02,Dos Pinos,144.09,274
2,Cafe Familiar,00001424,Limpieza,2026-03-07,Kern's,34.17,226
2,Aguacate Original,00001425,Bebidas,2027-11-05,Tropical,66.7,476
1,Azucar Original,00001426,Higiene,2026-06-28,Goya,131.36,479
2,Shampoo Pequeño,00001427,Snacks,2027-07-04,P&G,39.96,300
7,Bolsa Light,00001428,Snacks,2027-05-28,Campesina,220.39,459
3,Mantequilla Original,00001429,Conservas,2026-10-16,Bimbo,45.53,216
8,Melon Especial,00001430,Conservas,2027-01-13,Knorr,173.56,35
2,Servilleta Clasico,00001431,Frutas,2026-05-10,Goya,211.18,449
2,Papel Premium,00001432,Granos,2026-12-15,Knorr,69.55,223
6,Cereal Integral,00001433,Bebidas,2027-07-24,Lala,190.59,454
1,Detergente Entera,00001434,Higiene,2027-02-10,Dos Pinos,102.64,409
4,Refresco Premium,00001435,Bebidas,2027-04-02,Unilever,15.49,194
8,Queso Natural,00001436,Limpieza,2027-11-04,Foremost,62.76,260
2,Refresco Personal,00001437,Limpieza,2027-06-12,Diana,209.9,142
4,Yogur Entera,00001438,Verduras,2026-10-25,Kern's,214.71,341
3,Aguacate Premium,00001439,Carnes,2027-09-01,Foremost,120.1,77
5,Fresa Familiar,00001440,Lacteos,2026-10-26,Maggi,179.05,373
7,Tomate Jumbo,00001441,Verduras,2027-08-09,Kern's,118.27,356
5,Uva Light,00001442,Lacteos,2027-11-27,Colgate,141.68,314
5,Crema Grande,00001443,Panaderia,2026-06-09,Knorr,215.79,143
3,Cereal Extra,00001444,Higiene,2027-01-26,Tropical,102.81,173
1,Espinaca Entera,00001445,Conservas,2026-05-09,P&G,102.94,387
8,Uva Pequeño,00001446,Snacks,2027-06-24,Sazon,172.52,336
8,Servilleta Grande,00001447,Frutas,2027-03-27,Campesina,47.74,59
6,Te Pequeño,00001448,Carnes,2027-09-25,Diana,236.89,470
6,Pina Light,00001449,Bebidas,2026-12-28,Maggi,106.86,464
2,Sardina Clasico,00001450,Snacks,2026-02-16,Bimbo,217.0,308
3,Cebolla Jumbo,00001451,Bebidas,2027-11-13,Dos Pinos,76.69,37
3,Te Premium,00001452,Frutas,2026-10-15,La Famosa,81.15,376
4,Maiz Light,00001453,Limpieza,2026-03-11,Bimbo,4.16,150
7,Coliflor Familiar,00001454,Granos,2027-03-16,Nestlé,34.96,232
1,Salchicha Original,00001455,Limpieza,2026-01-18,Kern's,183.47,496
6,Toalla Natural,00001456,Higiene,2026-11-01,Sazon,58.89,459
5,Crema Extra,00001457,Panaderia,2026-10-10,Diana,19.13,33
6,Yogur Integral,00001458,Congelados,2027-09-11,P&G,222.33,78
3,Toalla Integral,00001459,Frutas,2027-03-26,Palmolive,7.72,124
1,Avena Pequeño,00001460,Lacteos,2027-03-04,Colgate,178.64,415
2,Jamon Jumbo,00001461,Conservas,2026-09-20,Bimbo,149.7,34
5,Pina Personal,00001462,Lacteos,2026-02-14,Unilever,96.92,290
2,Cebolla Pequeño,00001463,Granos,2026-11-21,Foremost,77.38,348
2,Mango Organico,00001464,Carnes,2027-12-05,P&G,208.17,63
6,Yogur Light,00001465,Panaderia,2026-10-07,Goya,208.38,113
6,Lechuga Original,00001466,Carnes,2026-09-16,Kern's,172.99,256
2,Chocolate Entera,00001467,Lacteos,2027-02-27,Montaña,168.25,86
5,Maiz Organico,00001468,Panaderia,2027-02-09,Sazon,115.82,161
6,Zanahoria Entera,00001469,Panaderia,2027-01-28,Maggi,91.97,356
6,Tomate Pequeño,00001470,Panaderia,2026-01-01,La Famosa,166.85,97
3,Atun Jumbo,00001471,Limpieza,2027-05-24,Nestlé,95.04,185
7,Cafe Original,00001472,Verduras,2027-05-27,Palmolive,173.41,254
3,Pina Jumbo,00001473,Granos,2026-12-24,Bimbo,245.45,442
6,Sal Original,00001474,Snacks,2026-10-22,Unilever,47.77,204
7,Melon Entera,00001475,Conservas,2027-12-05,Lala,230.34,67
4,Papa Entera,00001476,Panaderia,2026-06-01,Dos Pinos,192.58,305
4,Mango Personal,00001477,Frutas,2027-12-23,Tropical,26.52,348
1,Cebolla Natural,00001478,Conservas,2027-07-05,Campesina,223.34,323
8,Leche Grande,00001479,Granos,2027-08-28,Lala,217.75,48
7,Pollo Premium,00001480,Frutas,2027-01-17,Sazon,138.97,203
6,Detergente Premium,00001481,Panaderia,2026-10-15,Nestlé,214.58,238
1,Cafe Integral,00001482,Congelados,2027-02-13,P&G,11.85,291
8,Detergente Light,00001483,Snacks,2027-11-10,Dos Pinos,141.9,345
8,Carne Natural,00001484,Lacteos,2027-08-11,Campesina,192.55,317
5,Lechuga Grande,00001485,Frutas,2027-02-04,Sazon,3.54,191
7,Manzana Organico,00001486,Frutas,2027-01-06,Lala,37.69,377
4,Sal Clasico,00001487,Snacks,2026-02-28,Palmolive,56.25,432
8,Lechuga Natural,00001488,Panaderia,2027-01-21,Montaña,33.44,466
7,Zanahoria Grande,00001489,Snacks,2027-03-16,Foremost,134.0,34
3,Suavizante Especial,00001490,Limpieza,2027-03-23,Montaña,45.89,427
4,Sal Original,00001491,Conservas,2027-06-17,Palmolive,106.41,321
5,Queso Original,00001492,Frutas,2027-08-26,La Famosa,37.13,318
4,Suavizante Pequeño,00001493,Higiene,2027-12-24,Campesina,159.25,112
6,Melon Pequeño,00001494,Carnes,2027-11-05,Diana,127.46,365
5,Lechuga Light,00001495,Frutas,2027-10-19,P&G,169.54,467
1,Pañal Personal,00001496,Verduras,2027-09-04,Foremost,97.07,37
5,Cereal Clasico,00001497,Granos,2027-11-09,La Famosa,210.33,363
4,Avena Familiar,00001498,Higiene,2026-08-04,Tropical,217.4,388
7,Brocoli Grande,00001499,Higiene,2026-09-26,Maggi,174.16,34
8,Jamon Original,00001500,Conservas,2026-09-02,Foremost,186.69,113
4,Suavizante Premium,00001501,Conservas,2027-11-12,Montaña,138.01,318
2,Maiz Pequeño,00001502,Bebidas,2026-03-22,Nestlé,49.18,98
1,Jamon Entera,00001503,Verduras,2026-05-05,Diana,147.24,140
5,Carne Integral,00001504,Congelados,2027-01-05,Knorr,150.43,406
3,Ajo Familiar,00001505,Snacks,2027-02-26,Knorr,132.77,499
4,Limon Light,00001506,Higiene,2026-09-18,Palmolive,25.71,123
1,Mango Natural,00001507,Frutas,2026-04-25,Tropical,134.03,297
6,Cafe Grande,00001508,Frutas,2026-11-20,Tropical,63.23,30
6,Jamon Jumbo,00001509,Panaderia,2026-09-24,Maggi,9.1,274
2,Chile Familiar,00001510,Higiene,2026-01-10,Kern's,82.12,52
4,Agua Familiar,00001511,Higiene,2027-11-03,Kern's,168.57,406
2,Papel Grande,00001512,Verduras,2027-04-18,P&G,162.7,491
3,Brocoli Grande,00001513,Granos,2026-12-11,Bimbo,24.62,37
7,Shampoo Clasico,00001514,Higiene,2026-04-09,P&G,98.84,332
2,Tomate Natural,00001515,Lacteos,2026-02-18,Foremost,161.43,326
5,Coliflor Pequeño,00001516,Snacks,2026-02-12,Dos Pinos,29.22,412
8,Fresa Light,00001517,Carnes,2027-08-13,Palmolive,206.06,25
3,Agua Organico,00001518,Bebidas,2026-07-26,Campesina,75.86,334
1,Crema Grande,00001519,Congelados,2027-01-18,Campesina,37.92,31
6,Platano Especial,00001520,Verduras,2027-02-10,Kern's,187.83,472
5,Avena Original,00001521,Conservas,2027-03-06,Diana,57.53,437
8,Cereal Light,00001522,Granos,2027-10-28,Bimbo,213.29,487
8,Pina Organico,00001523,Panaderia,2026-02-09,Del Monte,51.76,307
4,Carne Natural,00001524,Granos,2027-04-04,Maggi,156.02,470
6,Pollo Integral,00001525,Limpieza,2026-11-10,Montaña,40.64,300
7,Jabon Natural,00001526,Verduras,2026-06-08,Sazon,178.91,338
5,Queso Personal,00001527,Frutas,2026-12-11,Lala,117.32,193
4,Ajo Organico,00001528,Panaderia,2026-10-03,Goya,215.1,81
7,Mantequilla Pequeño,00001529,Conservas,2026-02-01,Dos Pinos,159.01,426
8,Maiz Especial,00001530,Bebidas,2027-09-09,Campesina,223.81,286
3,Pina Familiar,00001531,Granos,2026-04-25,Montaña,184.11,158
3,Zanahoria Organico,00001532,Higiene,2026-06-17,Foremost,166.68,444
8,Coliflor Organico,00001533,Granos,2026-03-19,Montaña,165.88,84
4,Atun Entera,00001534,Bebidas,2027-04-03,Goya,94.25,31
2,Limon Jumbo,00001535,Frutas,2026-08-02,Bimbo,245.21,175
7,Lechuga Organico,00001536,Conservas,2027-12-09,Montaña,137.45,99
4,Pina Original,00001537,Frutas,2027-02-17,Goya,95.95,474
3,Limon Original,00001538,Frutas,2027-06-16,Lala,222.13,13
6,Papa Extra,00001539,Bebidas,2026-11-09,Kern's,40.11,90
8,Fresa Pequeño,00001540,Panaderia,2027-07-26,Knorr,180.9,256
3,Cebolla Premium,00001541,Snacks,2026-07-01,Sazon,13.66,303
3,Te Grande,00001542,Higiene,2026-10-05,Bimbo,44.09,482
8,Limon Original,00001543,Snacks,2027-11-01,Maggi,236.97,120
3,Fresa Integral,00001544,Limpieza,2026-07-20,La Famosa,199.27,430
2,Melon Grande,00001545,Higiene,2026-12-22,Knorr,230.82,315
7,Galleta Original,00001546,Verduras,2026-01-07,Dos Pinos,215.32,268
2,Detergente Extra,00001547,Snacks,2026-08-20,Tropical,12.64,411
7,Azucar Integral,00001548,Conservas,2026-10-18,Foremost,224.55,406
8,Limon Original,00001549,Frutas,2027-12-17,P&G,59.68,420
5,Shampoo Familiar,00001550,Verduras,2026-12-25,Montaña,27.14,78
5,Cebolla Familiar,00001551,Bebidas,2027-02-10,Tropical,219.56,219
7,Cereal Entera,00001552,Congelados,2027-01-19,Dos Pinos,32.1,13
5,Pina Premium,00001553,Congelados,2027-07-12,Del Monte,41.23,343
4,Mantequilla Personal,00001554,Higiene,2026-06-20,Goya,247.97,213
6,Huevo Organico,00001555,Higiene,2026-06-18,Campesina,122.49,167
3,Maiz Pequeño,00001556,Verduras,2027-11-04,Sazon,113.31,368
1,Sal Premium,00001557,Higiene,2026-06-26,Campesina,154.66,360
7,Agua Original,00001558,Conservas,2026-02-27,La Famosa,119.5,317
7,Azucar Light,00001559,Carnes,2026-02-20,Bimbo,181.95,486
1,Melon Grande,00001560,Higiene,2026-10-02,Diana,161.15,234
4,Cereal Personal,00001561,Conservas,2027-09-10,Kern's,11.3,316
5,Melon Extra,00001562,Conservas,2026-04-21,Foremost,243.98,54
2,Maiz Original,00001563,Frutas,2027-07-19,Kern's,130.88,387
5,Servilleta Light,00001564,Higiene,2026-09-19,Colgate,88.83,427
2,Galleta Especial,00001565,Bebidas,2026-07-19,Foremost,67.49,218
5,Manzana Light,00001566,Higiene,2026-02-26,Dos Pinos,239.31,458
8,Pepino Integral,00001567,Verduras,2027-04-25,Knorr,240.43,244
4,Toalla Especial,00001568,Lacteos,2026-05-03,Palmolive,159.51,122
4,Jabon Natural,00001569,Verduras,2027-09-18,Foremost,176.1,144
6,Yogur Light,00001570,Verduras,2027-06-03,Campesina,233.05,253
4,Atun Premium,00001571,Snacks,2026-12-22,Kern's,126.25,112
3,Brocoli Premium,00001572,Carnes,2026-04-27,Sazon,209.57,192
1,Maiz Light,00001573,Panaderia,2027-11-22,Lala,154.62,401
5,Desinfectante Integral,00001574,Frutas,2027-08-19,Goya,124.23,401
1,Salchicha Premium,00001575,Snacks,2026-09-26,P&G,121.15,286
6,Chile Natural,00001576,Verduras,2027-03-15,Del Monte,175.47,245
5,Pepino Entera,00001577,Lacteos,2027-07-19,Del Monte,83.38,323
7,Refresco Organico,00001578,Carnes,2026-08-20,Knorr,93.38,265
3,Avena Original,00001579,Congelados,2027-06-28,Palmolive,72.07,102
7,Platano Grande,00001580,Bebidas,2027-12-09,Sazon,140.17,448
6,Cereal Extra,00001581,Congelados,2026-01-06,P&G,126.4,467
1,Shampoo Integral,00001582,Carnes,2026-10-02,Palmolive,27.45,93
6,Avena Personal,00001583,Carnes,2026-11-04,Unilever,186.91,143
4,Sardina Organico,00001584,Higiene,2027-05-12,Foremost,104.7,189
8,Platano Especial,00001585,Conservas,2027-03-25,Maggi,90.71,354
3,Maiz Pequeño,00001586,Limpieza,2027-07-20,Maggi,117.55,499
2,Papel Extra,00001587,Conservas,2027-06-14,Tropical,144.19,444
7,Azucar Extra,00001588,Frutas,2026-06-21,Maggi,178.48,319
7,Queso Jumbo,00001589,Limpieza,2027-06-24,Montaña,131.67,240
2,Agua Extra,00001590,Lacteos,2026-04-22,Goya,235.29,368
7,Avena Extra,00001591,Verduras,2026-02-16,Campesina,16.29,404
7,Limon Familiar,00001592,Panaderia,2026-10-05,Nestlé,164.74,463
3,Crema Premium,00001593,Bebidas,2027-08-21,La Famosa,35.43,439
5,Pan Entera,00001594,Conservas,2026-06-28,Lala,118.4,455
7,Manzana Integral,00001595,Granos,2027-12-18,Diana,148.94,243
8,Limon Grande,00001596,Conservas,2027-06-16,Campesina,59.1,55
3,Crema Natural,00001597,Verduras,2026-05-01,Foremost,132.26,398
7,Atun Clasico,00001598,Limpieza,2027-12-16,Lala,77.0,402
7,Jabon Clasico,00001599,Snacks,2026-01-18,Colgate,49.58,461
7,Salchicha Premium,00001600,Granos,2027-11-13,Palmolive,57.49,50
5,Sandia Premium,00001601,Higiene,2027-10-26,Goya,73.32,390
8,Huevo Premium,00001602,Panaderia,2026-05-04,Unilever,155.58,149
5,Cereal Natural,00001603,Lacteos,2026-09-01,Diana,243.17,154
6,Te Pequeño,00001604,Limpieza,2027-04-03,La Famosa,6.64,121
3,Huevo Clasico,00001605,Limpieza,2027-08-23,Bimbo,84.57,441
7,Frijol Clasico,00001606,Verduras,2026-08-06,Kern's,224.24,138
4,Suavizante Entera,00001607,Panaderia,2027-12-08,Palmolive,193.49,236
5,Brocoli Entera,00001608,Bebidas,2026-02-17,Kern's,119.79,358
8,Bolsa Natural,00001609,Granos,2027-01-24,Campesina,131.67,139
7,Sandia Clasico,00001610,Bebidas,2026-01-28,Kern's,243.4,130
1,Pollo Entera,00001611,Granos,2027-10-04,Palmolive,197.92,14
3,Uva Familiar,00001612,Congelados,2026-10-05,Colgate,193.39,137
2,Ajo Light,00001613,Conservas,2027-11-02,Bimbo,90.81,88
4,Te Integral,00001614,Bebidas,2026-09-26,Colgate,201.96,234
5,Pan Pequeño,00001615,Verduras,2026-03-09,Bimbo,122.87,234
5,Naranja Pequeño,00001616,Limpieza,2026-03-18,Colgate,82.95,249
5,Papel Personal,00001617,Snacks,2027-09-06,Nestlé,134.19,240
1,Detergente Clasico,00001618,Higiene,2026-01-25,Dos Pinos,96.62,104
7,Melon Personal,00001619,Frutas,2027-04-11,Nestlé,165.6,285
6,Cereal Organico,00001620,Conservas,2026-09-05,Tropical,72.93,219
4,Cafe Light,00001621,Higiene,2027-01-27,La Famosa,47.12,26
5,Sal Integral,00001622,Bebidas,2026-10-21,Palmolive,165.51,279
2,Frijol Natural,00001623,Bebidas,2027-02-01,Kern's,164.97,485
1,Zanahoria Familiar,00001624,Conservas,2026-09-24,P&G,206.04,416
2,Detergente Especial,00001625,Carnes,2027-12-03,Maggi,22.25,120
3,Sal Pequeño,00001626,Bebidas,2027-04-07,Dos Pinos,165.25,301
7,Manzana Pequeño,00001627,Higiene,2026-02-25,Montaña,91.42,244
8,Pañal Light,00001628,Granos,2027-09-13,Dos Pinos,86.37,90
7,Bolsa Natural,00001629,Frutas,2027-06-28,Colgate,104.85,334
5,Detergente Pequeño,00001630,Frutas,2027-10-18,Kern's,95.64,291
1,Sardina Integral,00001631,Limpieza,2027-01-24,Bimbo,245.79,315
5,Limon Extra,00001632,Carnes,2026-04-07,Knorr,8.36,430
3,Servilleta Organico,00001633,Higiene,2027-10-05,Del Monte,12.32,192
7,Te Clasico,00001634,Frutas,2027-04-08,Goya,203.34,57
2,Platano Jumbo,00001635,Bebidas,2027-12-11,Lala,45.71,432
6,Fresa Grande,00001636,Carnes,2026-10-13,Nestlé,195.69,481
1,Atun Jumbo,00001637,Verduras,2026-02-28,Sazon,187.68,444
3,Sandia Familiar,00001638,Conservas,2026-05-17,Bimbo,81.87,299
2,Pollo Organico,00001639,Congelados,2026-01-22,Palmolive,242.85,395
1,Galleta Original,00001640,Carnes,2027-03-05,Knorr,23.39,302
4,Manzana Original,00001641,Carnes,2026-09-14,La Famosa,191.22,256
5,Ajo Original,00001642,Conservas,2027-09-20,Dos Pinos,63.82,46
6,Maiz Original,00001643,Frutas,2027-10-03,Del Monte,168.92,226
8,Atun Premium,00001644,Frutas,2026-11-01,Maggi,44.81,189
2,Melon Extra,00001645,Limpieza,2026-04-07,Colgate,41.53,382
2,Cafe Pequeño,00001646,Lacteos,2026-10-05,Maggi,6.39,365
5,Crema Integral,00001647,Limpieza,2026-04-24,Campesina,55.33,289
1,Manzana Integral,00001648,Snacks,2027-03-23,Foremost,96.02,473
1,Mantequilla Extra,00001649,Lacteos,2026-12-20,Goya,16.11,345
7,Aceite Original,00001650,Conservas,2026-11-12,Del Monte,7.71,454
2,Galleta Original,00001651,Higiene,2027-02-11,Lala,217.09,282
5,Refresco Premium,00001652,Higiene,2027-09-23,Foremost,12.82,482
4,Carne Integral,00001653,Verduras,2027-01-12,Colgate,90.78,164
5,Chile Clasico,00001654,Lacteos,2027-07-27,Foremost,236.2,495
4,Galleta Extra,00001655,Frutas,2027-11-05,Nestlé,183.28,276
4,Huevo Premium,00001656,Snacks,2026-05-20,Knorr,113.94,77
3,Pina Extra,00001657,Snacks,2027-04-28,La Famosa,79.32,371
2,Tomate Jumbo,00001658,Granos,2027-10-06,Knorr,19.75,282
5,Refresco Natural,00001659,Granos,2027-06-14,P&G,77.93,391
4,Jugo Familiar,00001660,Bebidas,2026-03-01,Tropical,155.39,320
8,Fresa Premium,00001661,Bebidas,2027-06-03,Lala,36.12,443
4,Lechuga Grande,00001662,Frutas,2026-07-16,Lala,36.97,108
3,Arroz Original,00001663,Lacteos,2027-07-08,Kern's,190.17,43
7,Bolsa Integral,00001664,Snacks,2026-06-28,Unilever,222.23,228
1,Maiz Entera,00001665,Snacks,2027-07-24,Knorr,100.36,490
1,Limon Light,00001666,Limpieza,2026-01-08,Dos Pinos,135.85,386
5,Manzana Original,00001667,Higiene,2027-01-07,Maggi,111.57,462
3,Maiz Personal,00001668,Carnes,2026-07-10,Tropical,230.0,363
3,Zanahoria Personal,00001669,Conservas,2026-12-17,Del Monte,47.4,309
4,Salchicha Original,00001670,Frutas,2026-03-15,Montaña,224.46,468
2,Pañal Integral,00001671,Panaderia,2026-12-21,Diana,180.44,73
3,Cafe Pequeño,00001672,Limpieza,2027-02-17,Palmolive,182.54,271
3,Jamon Organico,00001673,Verduras,2026-03-11,Montaña,218.21,451
8,Agua Personal,00001674,Granos,2026-12-02,P&G,79.09,383
1,Yogur Grande,00001675,Granos,2026-03-07,Foremost,156.77,139
8,Zanahoria Integral,00001676,Limpieza,2027-01-20,Lala,61.76,311
4,Zanahoria Original,00001677,Limpieza,2026-10-01,Sazon,220.9,152
5,Frijol Extra,00001678,Granos,2026-06-02,La Famosa,213.9,351
3,Carne Jumbo,00001679,Panaderia,2026-07-06,Diana,169.01,322
7,Zanahoria Pequeño,00001680,Snacks,2026-01-03,Maggi,82.74,469
5,Detergente Light,00001681,Verduras,2027-02-10,Lala,36.23,365
2,Carne Organico,00001682,Verduras,2027-12-07,Tropical,17.37,302
5,Cebolla Pequeño,00001683,Congelados,2027-12-10,P&G,153.38,172
8,Limon Especial,00001684,Snacks,2026-03-20,Montaña,125.61,383
2,Ajo Familiar,00001685,Granos,2027-04-23,Maggi,244.88,10
7,Pan Integral,00001686,Conservas,2027-12-28,Kern's,200.49,222
5,Arroz Natural,00001687,Frutas,2027-11-07,Foremost,161.23,363
6,Mantequilla Familiar,00001688,Panaderia,2026-09-18,Knorr,192.46,68
6,Carne Original,00001689,Congelados,2027-01-27,Diana,50.92,436
8,Bolsa Grande,00001690,Limpieza,2027-01-21,La Famosa,121.93,331
5,Toalla Personal,00001691,Higiene,2027-08-26,P&G,232.16,38
6,Platano Pequeño,00001692,Conservas,2026-09-01,Kern's,145.62,179
7,Aceite Extra,00001693,Carnes,2027-06-13,Campesina,211.07,302
7,Refresco Especial,00001694,Panaderia,2027-05-23,Knorr,178.33,149
6,Azucar Integral,00001695,Bebidas,2026-05-07,Dos Pinos,77.67,67
3,Shampoo Entera,00001696,Bebidas,2027-08-17,Foremost,200.36,473
2,Cereal Natural,00001697,Limpieza,2027-09-10,Knorr,38.39,456
2,Detergente Organico,00001698,Conservas,2027-04-24,Bimbo,116.46,375
1,Leche Clasico,00001699,Lacteos,2027-10-28,Nestlé,85.32,465
6,Sal Organico,00001700,Conservas,2027-01-19,Maggi,160.8,117
3,Cereal Premium,00001701,Carnes,2026-06-25,Unilever,168.77,149
6,Agua Clasico,00001702,Panaderia,2026-10-18,Dos Pinos,28.29,287
2,Manzana Natural,00001703,Carnes,2026-12-26,Maggi,144.8,97
1,Crema Especial,00001704,Frutas,2027-01-05,Foremost,119.27,355
8,Sal Original,00001705,Lacteos,2026-07-06,Tropical,223.15,332
8,Melon Natural,00001706,Carnes,2026-04-23,Campesina,22.4,482
8,Platano Extra,00001707,Panaderia,2027-12-15,Del Monte,115.53,360
6,Cebolla Premium,00001708,Bebidas,2026-10-09,Colgate,99.84,368
8,Shampoo Personal,00001709,Frutas,2026-01-03,Lala,30.88,255
2,Desinfectante Extra,00001710,Carnes,2027-10-19,La Famosa,128.46,217
4,Pollo Organico,00001711,Conservas,2026-05-18,Unilever,102.0,221
7,Melon Premium,00001712,Higiene,2026-08-13,Nestlé,87.16,426
2,Shampoo Original,00001713,Snacks,2027-09-23,Sazon,45.75,352
2,Brocoli Jumbo,00001714,Congelados,2027-08-04,Montaña,150.23,176
7,Detergente Integral,00001715,Granos,2026-07-03,Tropical,29.86,426
1,Pollo Integral,00001716,Conservas,2027-02-07,La Famosa,222.15,472
4,Coliflor Extra,00001717,Conservas,2026-09-10,Palmolive,155.05,238
6,Avena Grande,00001718,Frutas,2026-11-10,P&G,180.29,478
6,Azucar Especial,00001719,Lacteos,2027-09-13,La Famosa,213.57,41
1,Toalla Organico,00001720,Lacteos,2026-09-27,Colgate,30.1,154
4,Chocolate Original,00001721,Congelados,2027-11-11,Palmolive,103.29,232
5,Mango Extra,00001722,Limpieza,2026-09-13,Colgate,210.47,88
8,Papel Grande,00001723,Granos,2026-02-21,Foremost,38.57,463
7,Mango Original,00001724,Granos,2026-11-26,P&G,215.46,467
3,Melon Extra,00001725,Limpieza,2027-09-27,Unilever,98.02,125
6,Tomate Especial,00001726,Lacteos,2027-12-08,Dos Pinos,69.5,484
2,Arroz Entera,00001727,Snacks,2026-06-04,Montaña,121.94,363
2,Jugo Pequeño,00001728,Congelados,2027-05-15,Dos Pinos,22.32,465
1,Chocolate Integral,00001729,Conservas,2027-11-03,Campesina,200.13,169
6,Toalla Natural,00001730,Higiene,2027-08-15,Dos Pinos,226.8,303
5,Huevo Natural,00001731,Carnes,2026-01-23,Tropical,188.11,382
1,Frijol Grande,00001732,Limpieza,2027-10-02,Maggi,202.8,329
5,Yogur Integral,00001733,Panaderia,2026-02-28,Goya,65.26,325
3,Queso Personal,00001734,Carnes,2026-02-20,Diana,227.8,388
1,Mango Integral,00001735,Frutas,2027-05-26,Sazon,122.77,419
7,Carne Light,00001736,Granos,2027-03-27,Lala,188.93,221
1,Chocolate Grande,00001737,Limpieza,2027-03-07,Montaña,184.39,186
4,Pina Clasico,00001738,Panaderia,2026-08-13,Lala,77.44,392
5,Jamon Grande,00001739,Congelados,2026-05-05,Dos Pinos,217.96,16
6,Bolsa Familiar,00001740,Limpieza,2026-06-17,Bimbo,27.05,282
5,Desinfectante Original,00001741,Snacks,2027-05-11,Goya,68.97,60
4,Pina Especial,00001742,Verduras,2026-11-24,Sazon,184.38,311
2,Limon Natural,00001743,Conservas,2027-03-11,Campesina,5.61,14
5,Leche Original,00001744,Panaderia,2027-11-15,Colgate,57.2,155
2,Cereal Entera,00001745,Lacteos,2027-01-20,Kern's,237.77,336
2,Lechuga Light,00001746,Panaderia,2027-03-13,Montaña,201.39,104
7,Pepino Extra,00001747,Carnes,2026-11-03,Unilever,230.91,151
1,Pepino Jumbo,00001748,Conservas,2027-06-09,Diana,195.84,151
8,Jamon Original,00001749,Frutas,2027-05-27,Goya,46.95,45
7,Bolsa Premium,00001750,Snacks,2026-11-16,Del Monte,38.54,403
2,Avena Especial,00001751,Conservas,2026-08-23,Goya,28.51,47
1,Platano Pequeño,00001752,Carnes,2027-01-16,La Famosa,164.26,10
8,Mango Original,00001753,Carnes,2026-06-13,Montaña,3.91,372
8,Cebolla Original,00001754,Verduras,2027-02-18,Sazon,3.82,498
2,Cafe Especial,00001755,Higiene,2027-06-11,Maggi,101.95,333
1,Sardina Organico,00001756,Frutas,2026-08-25,Maggi,163.0,100
8,Jamon Grande,00001757,Bebidas,2026-07-04,Colgate,123.17,463
2,Brocoli Premium,00001758,Granos,2026-01-24,Montaña,61.91,209
1,Shampoo Organico,00001759,Conservas,2026-09-27,Unilever,241.74,18
8,Carne Entera,00001760,Frutas,2027-01-13,Del Monte,55.28,344
8,Aguacate Personal,00001761,Higiene,2026-10-08,Nestlé,12.11,82
1,Pina Entera,00001762,Limpieza,2027-10-02,Sazon,176.22,76
2,Refresco Grande,00001763,Lacteos,2027-02-15,Tropical,45.16,312
4,Detergente Personal,00001764,Panaderia,2026-10-26,Tropical,57.48,421
4,Tomate Natural,00001765,Congelados,2027-06-04,Montaña,137.83,174
3,Coliflor Entera,00001766,Snacks,2026-02-04,Goya,37.89,222
7,Pepino Natural,00001767,Higiene,2026-04-19,Bimbo,35.94,415
5,Maiz Extra,00001768,Lacteos,2027-02-01,Foremost,47.31,55
4,Huevo Pequeño,00001769,Limpieza,2027-04-05,Goya,132.2,220
5,Refresco Especial,00001770,Congelados,2026-03-23,Lala,154.18,55
6,Atun Original,00001771,Lacteos,2027-04-04,Dos Pinos,244.27,326
2,Papel Familiar,00001772,Higiene,2027-08-25,Kern's,71.28,109
1,Shampoo Extra,00001773,Conservas,2027-08-16,Diana,42.46,482
8,Frijol Grande,00001774,Frutas,2026-07-09,Knorr,155.35,465
2,Arroz Light,00001775,Congelados,2026-09-06,Diana,197.02,258
6,Aceite Jumbo,00001776,Bebidas,2027-10-19,Knorr,106.51,392
4,Galleta Familiar,00001777,Panaderia,2026-02-08,P&G,217.86,202
3,Aceite Integral,00001778,Snacks,2026-07-05,Kern's,232.19,242
6,Jamon Natural,00001779,Granos,2026-04-21,Colgate,243.96,113
7,Te Entera,00001780,Congelados,2027-05-05,Del Monte,213.36,244
3,Agua Familiar,00001781,Frutas,2026-05-20,Diana,198.02,336
8,Platano Organico,00001782,Bebidas,2026-09-16,Kern's,149.12,438
3,Queso Entera,00001783,Congelados,2026-04-08,Knorr,110.26,123
1,Servilleta Especial,00001784,Lacteos,2026-01-02,Lala,184.17,268
2,Tomate Organico,00001785,Verduras,2026-12-27,Del Monte,114.75,133
2,Manzana Familiar,00001786,Lacteos,2027-07-07,La Famosa,91.53,132
8,Pan Integral,00001787,Conservas,2026-12-15,Montaña,187.58,22
1,Zanahoria Familiar,00001788,Granos,2027-07-06,Colgate,157.82,370
5,Papel Grande,00001789,Panaderia,2026-12-11,Dos Pinos,11.08,228
1,Pepino Especial,00001790,Higiene,2027-04-26,Nestlé,156.25,181
1,Chile Jumbo,00001791,Conservas,2026-01-04,Palmolive,93.3,326
3,Sardina Natural,00001792,Granos,2027-12-03,Campesina,178.21,114
4,Carne Premium,00001793,Higiene,2026-08-24,Montaña,218.17,369
6,Coliflor Pequeño,00001794,Bebidas,2026-05-17,P&G,71.45,42
5,Atun Integral,00001795,Limpieza,2027-02-16,Campesina,170.54,282
8,Papa Especial,00001796,Frutas,2027-12-26,Nestlé,49.52,462
3,Azucar Light,00001797,Verduras,2027-05-03,Del Monte,43.7,67
3,Ajo Extra,00001798,Bebidas,2027-11-01,Maggi,105.88,359
4,Cebolla Natural,00001799,Verduras,2026-11-01,Maggi,49.7,21
8,Suavizante Organico,00001800,Conservas,2026-10-11,Knorr,123.08,350
5,Zanahoria Clasico,00001801,Snacks,2026-05-06,Goya,59.02,200
5,Maiz Personal,00001802,Lacteos,2026-05-15,Diana,155.8,92
1,Refresco Extra,00001803,Congelados,2027-11-26,La Famosa,42.83,69
6,Pollo Especial,00001804,Granos,2026-06-06,Kern's,141.93,27
7,Atun Extra,00001805,Frutas,2026-03-18,Maggi,33.01,22
6,Bolsa Integral,00001806,Granos,2027-06-05,Foremost,242.63,289
8,Pina Pequeño,00001807,Carnes,2026-05-25,Montaña,167.72,419
7,Carne Pequeño,00001808,Panaderia,2027-01-05,Campesina,31.87,22
4,Melon Personal,00001809,Bebidas,2026-02-11,Bimbo,153.21,109
2,Shampoo Jumbo,00001810,Carnes,2026-02-18,Unilever,170.23,500
6,Chile Original,00001811,Bebidas,2026-10-20,Dos Pinos,236.02,475
6,Salchicha Extra,00001812,Congelados,2027-06-13,Colgate,6.01,186
3,Crema Integral,00001813,Higiene,2026-12-15,P&G,201.51,157
4,Jabon Pequeño,00001814,Verduras,2027-07-05,Montaña,150.69,83
5,Crema Integral,00001815,Higiene,2027-02-19,Palmolive,24.85,219
7,Huevo Extra,00001816,Higiene,2026-10-25,La Famosa,52.22,436
8,Yogur Organico,00001817,Limpieza,2026-05-27,Montaña,78.07,296
5,Galleta Entera,00001818,Lacteos,2026-05-21,Lala,33.67,350
8,Huevo Extra,00001819,Limpieza,2027-11-08,Foremost,32.48,151
8,Aceite Especial,00001820,Congelados,2026-08-19,P&G,217.48,331
1,Pepino Personal,00001821,Panaderia,2026-12-19,Foremost,211.78,93
7,Jugo Natural,00001822,Limpieza,2027-03-12,Diana,16.06,194
3,Sandia Jumbo,00001823,Frutas,2026-05-17,Nestlé,129.93,402
5,Coliflor Light,00001824,Snacks,2027-09-11,Knorr,207.23,360
1,Queso Grande,00001825,Congelados,2027-02-18,Montaña,89.85,83
2,Te Organico,00001826,Carnes,2026-08-14,Knorr,230.46,93
2,Avena Extra,00001827,Higiene,2026-04-26,Campesina,154.52,435
6,Huevo Integral,00001828,Panaderia,2026-03-01,Lala,89.01,363
1,Te Personal,00001829,Limpieza,2027-10-17,Knorr,45.54,165
3,Brocoli Personal,00001830,Panaderia,2026-12-05,Sazon,78.93,117
7,Azucar Original,00001831,Congelados,2027-02-03,Foremost,194.35,397
5,Arroz Premium,00001832,Panaderia,2026-11-17,Montaña,17.64,70
4,Arroz Light,00001833,Carnes,2027-02-26,Del Monte,230.26,115
6,Refresco Grande,00001834,Frutas,2026-03-28,Goya,237.35,188
1,Agua Personal,00001835,Higiene,2027-10-08,Dos Pinos,143.85,60
2,Limon Premium,00001836,Congelados,2026-05-06,Campesina,4.07,381
2,Bolsa Premium,00001837,Higiene,2027-08-12,Montaña,48.73,354
6,Refresco Personal,00001838,Frutas,2027-07-07,Dos Pinos,59.21,67
1,Cafe Integral,00001839,Panaderia,2027-08-25,Colgate,177.07,295
8,Azucar Natural,00001840,Limpieza,2026-05-15,Tropical,184.84,361
8,Galleta Organico,00001841,Verduras,2026-07-07,Nestlé,224.0,420
2,Aguacate Natural,00001842,Granos,2026-11-16,Del Monte,100.9,277
6,Cafe Extra,00001843,Verduras,2026-10-04,Diana,18.98,111
5,Cereal Especial,00001844,Verduras,2026-07-24,Lala,71.79,375
5,Coliflor Familiar,00001845,Conservas,2027-06-16,Tropical,237.68,258
3,Jugo Familiar,00001846,Limpieza,2026-05-16,Lala,60.01,492
6,Pan Light,00001847,Congelados,2026-02-16,Foremost,243.1,205
8,Jugo Clasico,00001848,Snacks,2027-02-22,Dos Pinos,192.59,415
1,Cereal Clasico,00001849,Conservas,2026-09-09,Campesina,87.87,450
8,Coliflor Entera,00001850,Verduras,2027-02-13,Unilever,80.7,202
8,Zanahoria Entera,00001851,Lacteos,2026-11-28,Maggi,221.52,94
8,Tomate Extra,00001852,Carnes,2027-08-25,Del Monte,143.51,261
6,Cebolla Organico,00001853,Granos,2027-07-09,Lala,148.99,203
1,Maiz Clasico,00001854,Frutas,2026-10-02,La Famosa,209.72,188
6,Coliflor Jumbo,00001855,Conservas,2026-02-14,Colgate,248.01,220
2,Frijol Grande,00001856,Bebidas,2026-11-10,Montaña,23.98,362
7,Papel Clasico,00001857,Panaderia,2026-01-18,Knorr,12.23,346
7,Platano Organico,00001858,Verduras,2026-12-16,Montaña,8.49,172
6,Platano Original,00001859,Frutas,2027-08-04,Kern's,85.98,267
2,Agua Especial,00001860,Carnes,2026-07-07,Lala,159.95,413
4,Suavizante Personal,00001861,Higiene,2026-05-02,Maggi,249.07,215
8,Melon Pequeño,00001862,Panaderia,2027-10-04,Montaña,86.2,44
7,Tomate Premium,00001863,Frutas,2027-11-27,Maggi,127.65,163
3,Mango Organico,00001864,Frutas,2026-07-09,Tropical,130.3,353
8,Pañal Entera,00001865,Conservas,2027-03-19,Lala,55.6,431
1,Queso Jumbo,00001866,Conservas,2027-10-28,P&G,233.86,382
6,Limon Premium,00001867,Frutas,2026-04-05,Maggi,211.5,220
4,Papel Personal,00001868,Panaderia,2027-07-09,Maggi,162.57,141
7,Salchicha Premium,00001869,Panaderia,2026-01-08,Maggi,117.65,296
5,Tomate Grande,00001870,Lacteos,2026-05-05,Foremost,66.82,421
2,Mango Organico,00001871,Granos,2027-01-24,Lala,196.21,38
3,Pollo Especial,00001872,Carnes,2027-07-12,Nestlé,101.03,439
5,Chocolate Light,00001873,Snacks,2027-02-17,Montaña,237.57,486
7,Ajo Jumbo,00001874,Panaderia,2026-02-25,Knorr,84.33,309
5,Jabon Pequeño,00001875,Congelados,2026-07-07,La Famosa,29.38,119
2,Papa Original,00001876,Carnes,2027-01-16,Campesina,95.55,495
6,Pollo Organico,00001877,Verduras,2026-04-09,La Famosa,92.66,376
4,Detergente Clasico,00001878,Lacteos,2027-10-02,Bimbo,173.6,413
8,Mantequilla Organico,00001879,Verduras,2026-12-12,Del Monte,135.12,131
4,Jamon Entera,00001880,Verduras,2027-05-10,Nestlé,234.27,397
2,Crema Premium,00001881,Granos,2027-11-11,P&G,197.96,150
2,Detergente Familiar,00001882,Limpieza,2026-07-27,Knorr,180.19,458
6,Detergente Extra,00001883,Congelados,2026-02-12,P&G,151.72,426
3,Zanahoria Pequeño,00001884,Lacteos,2027-11-21,Diana,158.65,415
3,Leche Original,00001885,Bebidas,2027-06-19,Nestlé,30.37,137
5,Desinfectante Especial,00001886,Conservas,2026-06-15,Lala,218.76,78
7,Refresco Grande,00001887,Snacks,2027-05-07,Nestlé,105.38,103
2,Pañal Original,00001888,Snacks,2026-01-18,Tropical,157.78,474
5,Zanahoria Premium,00001889,Carnes,2027-03-02,Palmolive,155.65,317
8,Jugo Light,00001890,Frutas,2026-10-04,Foremost,180.49,232
5,Detergente Grande,00001891,Limpieza,2026-12-07,Kern's,236.67,426
5,Yogur Pequeño,00001892,Limpieza,2026-07-28,Kern's,151.22,431
4,Espinaca Grande,00001893,Bebidas,2026-07-26,La Famosa,10.11,144
3,Melon Integral,00001894,Bebidas,2026-11-21,Unilever,24.18,250
5,Papel Natural,00001895,Congelados,2026-04-23,Palmolive,177.99,386
1,Aceite Light,00001896,Higiene,2026-06-08,Lala,227.33,320
1,Leche Clasico,00001897,Higiene,2027-05-13,Colgate,35.66,466
7,Uva Extra,00001898,Carnes,2026-08-11,Unilever,35.58,172
7,Jugo Clasico,00001899,Panaderia,2026-03-16,Goya,187.71,484
6,Yogur Jumbo,00001900,Carnes,2027-05-17,Knorr,110.64,94
1,Brocoli Integral,00001901,Granos,2027-11-21,Unilever,16.15,86
8,Galleta Extra,00001902,Lacteos,2026-03-23,Unilever,110.8,468
3,Arroz Integral,00001903,Frutas,2027-09-16,Unilever,124.77,443
5,Cafe Natural,00001904,Panaderia,2026-05-06,Diana,188.23,431
7,Platano Jumbo,00001905,Conservas,2027-10-01,Dos Pinos,192.41,102
2,Servilleta Light,00001906,Bebidas,2027-11-04,Knorr,9.41,358
8,Salchicha Natural,00001907,Snacks,2027-02-27,Knorr,40.98,51
1,Suavizante Pequeño,00001908,Conservas,2026-11-09,Tropical,165.53,178
1,Pina Especial,00001909,Limpieza,2026-12-24,Montaña,34.94,451
7,Jabon Grande,00001910,Carnes,2026-01-24,Nestlé,138.15,318
7,Azucar Original,00001911,Carnes,2026-07-03,Foremost,213.53,93
7,Maiz Original,00001912,Carnes,2027-11-05,Del Monte,76.74,420
6,Brocoli Familiar,00001913,Carnes,2027-10-05,Colgate,167.38,436
2,Chile Premium,00001914,Limpieza,2026-07-16,Goya,142.08,226
6,Coliflor Original,00001915,Frutas,2027-07-21,P&G,25.96,272
2,Zanahoria Grande,00001916,Bebidas,2027-12-05,Lala,133.24,341
5,Yogur Integral,00001917,Verduras,2026-08-10,La Famosa,246.09,360
2,Suavizante Premium,00001918,Higiene,2026-10-02,Campesina,21.9,33
5,Chile Original,00001919,Verduras,2026-11-24,Montaña,203.77,191
7,Uva Light,00001920,Higiene,2026-12-22,Unilever,47.35,103
8,Arroz Light,00001921,Verduras,2027-05-11,Montaña,181.85,397
5,Melon Familiar,00001922,Carnes,2026-03-07,Diana,22.32,319
8,Papel Grande,00001923,Panaderia,2026-01-01,Palmolive,31.82,97
6,Zanahoria Pequeño,00001924,Verduras,2027-12-20,Lala,77.79,426
2,Pepino Grande,00001925,Congelados,2027-05-03,La Famosa,36.37,107
4,Detergente Entera,00001926,Congelados,2027-01-07,Lala,163.21,342
3,Tomate Personal,00001927,Conservas,2027-09-07,Nestlé,77.33,247
1,Cebolla Original,00001928,Lacteos,2026-03-24,Unilever,241.08,251
2,Papel Integral,00001929,Snacks,2026-05-19,Palmolive,15.58,14
5,Sandia Personal,00001930,Congelados,2026-07-28,Lala,185.06,315
8,Arroz Integral,00001931,Verduras,2026-10-24,Tropical,234.01,473
7,Galleta Pequeño,00001932,Lacteos,2027-07-19,Knorr,139.65,147
3,Pañal Integral,00001933,Panaderia,2026-11-12,Unilever,175.29,20
6,Yogur Pequeño,00001934,Bebidas,2026-08-08,Dos Pinos,57.27,475
6,Servilleta Especial,00001935,Congelados,2027-03-10,Palmolive,240.07,436
3,Shampoo Integral,00001936,Granos,2027-05-23,Nestlé,167.76,76
1,Cereal Extra,00001937,Snacks,2026-07-16,Maggi,60.98,295
6,Pan Natural,00001938,Carnes,2026-03-06,Dos Pinos,10.9,42
6,Tomate Light,00001939,Snacks,2026-09-08,Lala,66.68,184
1,Maiz Entera,00001940,Higiene,2026-03-28,Dos Pinos,152.26,63
2,Bolsa Integral,00001941,Limpieza,2027-02-04,Tropical,153.58,449
6,Detergente Organico,00001942,Lacteos,2027-03-21,Del Monte,218.1,476
6,Agua Pequeño,00001943,Carnes,2027-09-16,Del Monte,41.11,196
8,Detergente Extra,00001944,Panaderia,2027-08-14,Foremost,63.59,424
4,Carne Clasico,00001945,Higiene,2026-05-12,P&G,92.08,350
8,Jugo Familiar,00001946,Higiene,2026-04-05,P&G,105.11,219
2,Desinfectante Organico,00001947,Conservas,2026-01-15,La Famosa,193.23,377
3,Azucar Natural,00001948,Frutas,2026-03-14,Bimbo,100.14,28
7,Toalla Especial,00001949,Lacteos,2027-12-26,Dos Pinos,243.25,224
5,Pañal Grande,00001950,Congelados,2027-05-24,Knorr,227.58,14
8,Toalla Organico,00001951,Snacks,2027-12-13,Unilever,162.04,464
7,Pepino Natural,00001952,Conservas,2026-04-10,Nestlé,12.13,181
5,Espinaca Pequeño,00001953,Congelados,2027-09-18,Maggi,55.79,271
5,Limon Natural,00001954,Conservas,2026-01-26,Campesina,149.35,133
6,Espinaca Original,00001955,Higiene,2026-01-27,Colgate,67.16,269
6,Cafe Entera,00001956,Conservas,2027-08-10,Montaña,185.0,242
6,Chocolate Familiar,00001957,Congelados,2027-10-23,Campesina,211.59,129
4,Crema Clasico,00001958,Conservas,2027-12-19,La Famosa,179.44,276
7,Sal Natural,00001959,Higiene,2027-06-15,Del Monte,39.2,227
7,Azucar Light,00001960,Lacteos,2026-03-16,Kern's,113.2,199
8,Uva Organico,00001961,Higiene,2027-05-19,Lala,160.21,235
2,Espinaca Original,00001962,Granos,2026-03-16,Unilever,34.96,370
2,Pepino Premium,00001963,Limpieza,2026-12-06,Campesina,94.23,497
2,Fresa Personal,00001964,Verduras,2026-06-19,Maggi,12.95,88
7,Sardina Clasico,00001965,Frutas,2026-08-01,La Famosa,38.11,311
6,Frijol Jumbo,00001966,Carnes,2027-04-06,Lala,3.52,290
7,Aceite Personal,00001967,Lacteos,2026-10-10,Montaña,114.74,182
8,Cebolla Personal,00001968,Congelados,2027-03-25,La Famosa,127.68,245
7,Mango Integral,00001969,Granos,2027-06-03,Tropical,167.13,219
2,Galleta Jumbo,00001970,Verduras,2026-01-22,Unilever,184.77,340
2,Papel Extra,00001971,Congelados,2026-11-26,Maggi,141.58,73
1,Cereal Especial,00001972,Higiene,2027-01-19,Dos Pinos,49.78,253
8,Cafe Grande,00001973,Higiene,2026-01-09,Kern's,63.59,371
1,Azucar Familiar,00001974,Higiene,2027-07-19,Bimbo,124.39,488
2,Carne Original,00001975,Granos,2026-09-11,Palmolive,66.52,68
7,Naranja Extra,00001976,Carnes,2026-05-25,Nestlé,41.09,497
7,Aguacate Extra,00001977,Lacteos,2027-06-06,Foremost,179.19,162
2,Sal Natural,00001978,Granos,2026-06-09,Palmolive,235.57,470
7,Frijol Premium,00001979,Bebidas,2027-10-08,Lala,128.63,268
4,Cafe Clasico,00001980,Lacteos,2026-09-14,Nestlé,122.59,218
3,Servilleta Jumbo,00001981,Lacteos,2026-10-22,Del Monte,63.84,294
6,Crema Especial,00001982,Verduras,2026-11-17,Kern's,196.37,82
8,Naranja Extra,00001983,Bebidas,2027-07-18,Unilever,13.32,426
5,Suavizante Especial,00001984,Carnes,2027-03-01,Bimbo,233.58,256
5,Fresa Clasico,00001985,Conservas,2026-06-27,Kern's,147.53,271
3,Arroz Extra,00001986,Congelados,2027-02-10,Nestlé,100.64,72
6,Espinaca Organico,00001987,Carnes,2027-04-20,Dos Pinos,239.48,172
6,Sandia Clasico,00001988,Congelados,2026-04-22,Knorr,87.38,245
3,Pan Jumbo,00001989,Congelados,2026-01-20,Lala,4.06,14
2,Huevo Organico,00001990,Congelados,2027-07-18,Nestlé,197.46,342
7,Naranja Entera,00001991,Conservas,2026-02-12,Palmolive,207.38,193
1,Refresco Personal,00001992,Congelados,2027-02-15,Colgate,234.25,237
5,Galleta Pequeño,00001993,Lacteos,2027-11-23,Colgate,50.3,427
4,Jabon Pequeño,00001994,Bebidas,2026-08-12,Bimbo,72.35,473
4,Leche Premium,00001995,Conservas,2026-05-19,Dos Pinos,125.02,292
2,Mango Pequeño,00001996,Snacks,2027-10-19,Diana,19.14,75
1,Te Clasico,00001997,Snacks,2027-09-24,Goya,50.39,357
1,Pepino Grande,00001998,Higiene,2027-11-18,Unilever,3.48,228
8,Desinfectante Natural,00001999,Verduras,2027-07-09,Del Monte,171.0,248
8,Sardina Organico,00002000,Lacteos,2027-04-02,Goya,229.84,282
7,Pollo Entera,00002001,Verduras,2026-02-19,Foremost,247.6,125
1,Aceite Jumbo,00002002,Bebidas,2026-06-10,Nestlé,157.62,59
4,Cebolla Original,00002003,Lacteos,2027-11-11,Goya,64.05,252
8,Carne Personal,00002004,Lacteos,2027-09-26,Sazon,236.06,407
6,Coliflor Light,00002005,Conservas,2026-02-03,Bimbo,229.43,203
7,Pañal Personal,00002006,Congelados,2026-03-02,Unilever,16.53,322
7,Aceite Light,00002007,Conservas,2026-01-10,Palmolive,102.22,326
7,Galleta Personal,00002008,Snacks,2027-10-01,Unilever,97.83,417
4,Pañal Especial,00002009,Snacks,2026-11-22,Foremost,115.16,178
5,Sal Light,00002010,Lacteos,2027-02-19,Kern's,226.38,74
1,Atun Original,00002011,Limpieza,2027-08-06,Sazon,37.01,32
3,Te Clasico,00002012,Snacks,2026-11-25,Colgate,79.86,463
3,Jugo Integral,00002013,Carnes,2027-05-12,Foremost,130.87,346
4,Frijol Premium,00002014,Higiene,2027-09-28,Bimbo,107.25,110
6,Sandia Jumbo,00002015,Bebidas,2027-06-07,Lala,174.61,249
8,Desinfectante Especial,00002016,Snacks,2027-10-10,P&G,84.17,63
4,Pañal Familiar,00002017,Lacteos,2026-01-21,Sazon,174.23,248
1,Chocolate Integral,00002018,Congelados,2027-06-26,Palmolive,53.71,104
6,Sardina Entera,00002019,Panaderia,2026-09-04,La Famosa,74.77,109
4,Arroz Entera,00002020,Bebidas,2026-03-08,Goya,180.55,183
7,Refresco Premium,00002021,Lacteos,2026-05-04,Foremost,208.37,80
6,Pina Familiar,00002022,Panaderia,2026-04-10,Unilever,62.32,424
3,Mango Extra,00002023,Higiene,2027-10-14,Nestlé,32.27,461
4,Shampoo Premium,00002024,Bebidas,2027-12-12,Knorr,151.09,335
5,Servilleta Entera,00002025,Snacks,2027-09-10,La Famosa,83.94,37
2,Papel Extra,00002026,Higiene,2027-08-07,Nestlé,196.81,414
8,Agua Organico,00002027,Verduras,2027-11-25,Dos Pinos,95.44,275
7,Refresco Natural,00002028,Congelados,2026-12-16,Lala,120.02,307
7,Sandia Jumbo,00002029,Snacks,2027-04-08,Kern's,114.66,130
3,Avena Clasico,00002030,Verduras,2027-10-06,Colgate,65.87,53
6,Coliflor Light,00002031,Carnes,2026-06-08,Montaña,13.16,272
1,Tomate Integral,00002032,Limpieza,2026-06-26,Lala,81.3,205
2,Refresco Integral,00002033,Bebidas,2026-02-12,Nestlé,75.75,266
4,Shampoo Clasico,00002034,Bebidas,2026-02-12,Bimbo,137.87,180
3,Aguacate Natural,00002035,Carnes,2026-11-28,Goya,50.09,319
7,Desinfectante Familiar,00002036,Congelados,2027-05-01,Maggi,72.62,187
3,Salchicha Personal,00002037,Snacks,2027-01-16,Dos Pinos,247.35,497
8,Papel Original,00002038,Bebidas,2026-12-07,Lala,60.73,310
7,Espinaca Personal,00002039,Limpieza,2026-02-11,Kern's,108.91,492
5,Avena Integral,00002040,Limpieza,2027-01-12,La Famosa,145.64,75
7,Brocoli Entera,00002041,Limpieza,2027-06-11,Sazon,106.53,361
3,Coliflor Familiar,00002042,Congelados,2027-06-19,Foremost,143.19,26
4,Jugo Natural,00002043,Snacks,2027-10-20,Montaña,217.14,205
5,Salchicha Light,00002044,Higiene,2026-08-04,Knorr,143.67,241
4,Azucar Extra,00002045,Panaderia,2027-03-02,Tropical,123.69,105
6,Aceite Jumbo,00002046,Verduras,2026-04-10,Dos Pinos,20.28,39
7,Limon Entera,00002047,Granos,2026-07-13,Diana,247.43,76
8,Cebolla Pequeño,00002048,Panaderia,2026-04-05,Kern's,79.51,428
5,Agua Especial,00002049,Snacks,2027-10-07,Dos Pinos,180.04,244
8,Cereal Entera,00002050,Granos,2026-07-20,Sazon,132.89,476
5,Zanahoria Integral,00002051,Snacks,2026-02-10,Unilever,88.66,441
3,Salchicha Especial,00002052,Granos,2026-03-20,P&G,116.08,476
5,Pepino Especial,00002053,Panaderia,2026-01-08,Diana,70.62,331
2,Mango Jumbo,00002054,Panaderia,2027-12-07,Lala,104.59,400
1,Sardina Light,00002055,Panaderia,2027-06-14,Unilever,43.72,116
7,Zanahoria Entera,00002056,Panaderia,2027-11-24,Unilever,97.15,391
8,Desinfectante Premium,00002057,Verduras,2026-05-04,La Famosa,83.8,393
5,Ajo Integral,00002058,Panaderia,2026-11-08,Unilever,37.64,430
7,Suavizante Extra,00002059,Granos,2027-10-04,Diana,75.65,283
4,Agua Light,00002060,Conservas,2027-11-09,La Famosa,111.84,101
2,Lechuga Entera,00002061,Conservas,2027-08-23,Bimbo,209.62,425
4,Jamon Pequeño,00002062,Carnes,2026-10-01,Bimbo,193.79,402
6,Bolsa Premium,00002063,Frutas,2027-04-03,Foremost,107.16,17
7,Detergente Premium,00002064,Conservas,2027-04-04,Diana,181.83,32
7,Chile Light,00002065,Frutas,2026-11-07,Tropical,54.16,287
6,Tomate Light,00002066,Bebidas,2026-06-11,Diana,6.7,344
1,Leche Original,00002067,Bebidas,2026-02-22,Goya,163.54,198
3,Aceite Jumbo,00002068,Bebidas,2026-10-16,Del Monte,179.0,415
3,Mantequilla Light,00002069,Snacks,2026-11-23,Palmolive,170.44,404
8,Carne Extra,00002070,Conservas,2027-12-11,Lala,19.68,19
2,Jamon Organico,00002071,Conservas,2027-09-19,Foremost,60.45,325
8,Crema Premium,00002072,Congelados,2026-04-20,Nestlé,17.8,201
8,Yogur Premium,00002073,Granos,2026-11-02,Sazon,231.08,316
5,Brocoli Jumbo,00002074,Frutas,2026-06-21,Bimbo,131.66,222
4,Coliflor Entera,00002075,Bebidas,2027-06-11,Sazon,53.84,37
8,Jabon Grande,00002076,Congelados,2027-10-28,Palmolive,131.8,103
4,Sandia Entera,00002077,Panaderia,2027-02-07,Bimbo,159.69,82
8,Te Light,00002078,Granos,2027-04-08,Dos Pinos,22.31,381
8,Crema Extra,00002079,Congelados,2026-07-06,Tropical,64.5,156
8,Sandia Premium,00002080,Carnes,2027-08-03,Colgate,101.37,95
8,Papa Original,00002081,Higiene,2027-07-25,La Famosa,205.44,416
3,Pan Familiar,00002082,Verduras,2026-02-25,Maggi,150.01,88
6,Mantequilla Original,00002083,Limpieza,2026-05-13,Campesina,152.69,46
6,Te Pequeño,00002084,Limpieza,2026-04-01,Foremost,215.83,383
2,Ajo Original,00002085,Verduras,2027-12-12,Palmolive,123.92,338
7,Huevo Jumbo,00002086,Lacteos,2027-02-13,Montaña,43.1,400
7,Mantequilla Familiar,00002087,Congelados,2026-12-16,Colgate,175.02,343
1,Bolsa Original,00002088,Congelados,2026-08-02,Colgate,158.85,356
3,Pepino Grande,00002089,Conservas,2026-10-15,La Famosa,65.81,318
4,Leche Light,00002090,Panaderia,2027-07-13,Montaña,243.61,51
7,Pañal Original,00002091,Granos,2027-05-23,Maggi,126.66,282
6,Uva Clasico,00002092,Congelados,2026-12-28,Nestlé,29.99,303
8,Detergente Extra,00002093,Carnes,2027-12-13,Maggi,4.59,96
7,Leche Light,00002094,Panaderia,2027-07-17,P&G,164.67,385
2,Agua Extra,00002095,Frutas,2026-03-07,Lala,47.95,495
5,Papa Especial,00002096,Bebidas,2026-01-24,Diana,202.87,108
7,Toalla Personal,00002097,Verduras,2026-10-04,Diana,22.71,53
2,Cafe Clasico,00002098,Panaderia,2026-10-08,Lala,122.84,399
2,Leche Entera,00002099,Carnes,2027-01-22,Montaña,197.93,31
6,Avena Organico,00002100,Lacteos,2026-09-25,Goya,233.24,252
7,Fresa Original,00002101,Frutas,2026-06-11,Sazon,235.42,350
7,Jamon Especial,00002102,Lacteos,2027-06-26,Del Monte,3.76,455
4,Espinaca Personal,00002103,Granos,2026-02-28,Dos Pinos,72.03,368
6,Sardina Integral,00002104,Snacks,2027-08-17,P&G,166.08,11
7,Pan Grande,00002105,Frutas,2027-12-11,Unilever,60.69,258
4,Brocoli Especial,00002106,Panaderia,2026-08-22,Del Monte,184.37,160
2,Lechuga Extra,00002107,Higiene,2027-12-17,Bimbo,34.58,417
4,Crema Personal,00002108,Conservas,2027-08-06,Unilever,238.9,256
1,Chocolate Premium,00002109,Granos,2027-11-23,Nestlé,29.05,376
2,Agua Jumbo,00002110,Frutas,2027-05-08,Goya,167.49,497
2,Mango Extra,00002111,Higiene,2027-08-03,Knorr,218.37,487
7,Pina Natural,00002112,Verduras,2027-12-24,Palmolive,164.52,411
4,Jabon Premium,00002113,Bebidas,2026-05-03,Del Monte,25.02,389
1,Brocoli Light,00002114,Snacks,2026-06-13,Montaña,185.02,169
3,Uva Organico,00002115,Bebidas,2027-07-11,Colgate,199.99,488
6,Limon Grande,00002116,Snacks,2027-02-13,Foremost,135.96,245
3,Jugo Personal,00002117,Carnes,2027-08-22,Unilever,39.41,155
5,Brocoli Grande,00002118,Congelados,2026-06-10,Dos Pinos,247.61,73
1,Desinfectante Pequeño,00002119,Snacks,2026-04-16,Maggi,176.92,202
3,Jabon Natural,00002120,Granos,2027-04-28,Sazon,176.0,36
7,Desinfectante Integral,00002121,Congelados,2026-11-28,Diana,247.79,290
5,Carne Original,00002122,Conservas,2026-06-25,Palmolive,99.59,280
1,Yogur Pequeño,00002123,Bebidas,2027-09-13,Del Monte,35.33,395
8,Desinfectante Jumbo,00002124,Congelados,2026-11-06,Montaña,36.98,366
2,Yogur Jumbo,00002125,Granos,2026-12-07,Foremost,92.47,448
6,Aguacate Familiar,00002126,Granos,2026-07-22,Diana,231.72,59
7,Cebolla Extra,00002127,Lacteos,2026-09-21,Knorr,149.57,86
7,Chocolate Entera,00002128,Panaderia,2026-08-10,Tropical,238.78,344
8,Maiz Pequeño,00002129,Conservas,2027-08-28,Palmolive,70.98,344
8,Sardina Entera,00002130,Panaderia,2026-02-16,Dos Pinos,58.56,310
7,Queso Pequeño,00002131,Congelados,2026-10-06,Palmolive,122.6,340
1,Crema Especial,00002132,Granos,2026-02-23,Campesina,48.67,426
2,Salchicha Organico,00002133,Higiene,2027-09-16,Nestlé,131.17,309
8,Coliflor Familiar,00002134,Bebidas,2027-02-06,Tropical,174.72,12
1,Jabon Natural,00002135,Panaderia,2026-10-07,Diana,24.69,141
1,Azucar Light,00002136,Higiene,2026-09-06,P&G,244.34,346
3,Chocolate Clasico,00002137,Lacteos,2027-09-26,Maggi,165.81,237
2,Platano Integral,00002138,Congelados,2026-06-20,Campesina,129.12,362
3,Mango Personal,00002139,Lacteos,2026-04-05,Maggi,214.45,120
5,Fresa Organico,00002140,Bebidas,2027-05-05,Tropical,107.24,291
7,Mantequilla Original,00002141,Conservas,2027-07-15,Nestlé,236.35,356
4,Pepino Extra,00002142,Higiene,2026-11-24,Goya,248.85,366
6,Lechuga Natural,00002143,Snacks,2027-09-20,Diana,106.66,88
2,Shampoo Original,00002144,Verduras,2026-10-08,Nestlé,69.72,282
5,Aguacate Organico,00002145,Verduras,2026-11-03,Colgate,227.58,408
2,Jugo Personal,00002146,Bebidas,2026-02-13,Sazon,96.52,63
5,Refresco Organico,00002147,Congelados,2027-10-27,Lala,26.6,188
3,Manzana Clasico,00002148,Snacks,2026-01-06,Knorr,236.79,209
8,Atun Familiar,00002149,Congelados,2027-09-18,Tropical,220.86,216
7,Uva Extra,00002150,Carnes,2026-09-23,La Famosa,165.42,83
7,Platano Pequeño,00002151,Carnes,2026-12-21,Colgate,177.75,137
7,Lechuga Integral,00002152,Granos,2026-06-26,Unilever,127.05,151
2,Limon Pequeño,00002153,Bebidas,2026-02-10,P&G,193.33,442
5,Sandia Light,00002154,Panaderia,2027-02-06,Montaña,17.18,390
8,Manzana Jumbo,00002155,Limpieza,2027-01-14,Dos Pinos,233.31,79
4,Ajo Organico,00002156,Conservas,2027-09-23,Del Monte,103.15,325
1,Servilleta Personal,00002157,Congelados,2026-07-23,Campesina,188.17,135
3,Fresa Integral,00002158,Granos,2027-09-08,Diana,21.56,439
4,Chile Natural,00002159,Lacteos,2026-07-06,Colgate,242.52,183
7,Suavizante Organico,00002160,Panaderia,2026-08-10,Goya,55.63,387
8,Avena Jumbo,00002161,Carnes,2027-11-17,Bimbo,234.05,466
3,Frijol Natural,00002162,Lacteos,2027-06-10,Colgate,29.47,189
3,Salchicha Natural,00002163,Lacteos,2026-08-07,Nestlé,133.69,470
5,Huevo Light,00002164,Limpieza,2026-11-09,Sazon,119.26,201
3,Sardina Original,00002165,Granos,2027-05-04,Unilever,165.1,234
1,Te Natural,00002166,Congelados,2026-06-28,Kern's,30.33,155
5,Te Original,00002167,Verduras,2027-01-06,Kern's,237.25,350
7,Cafe Original,00002168,Limpieza,2027-11-23,La Famosa,83.25,401
1,Chile Pequeño,00002169,Congelados,2027-07-05,Del Monte,239.55,415
7,Te Extra,00002170,Frutas,2027-11-08,Bimbo,170.54,185
4,Fresa Pequeño,00002171,Lacteos,2026-05-10,Lala,23.41,229
4,Melon Extra,00002172,Congelados,2027-04-09,Del Monte,216.45,368
3,Mango Personal,00002173,Verduras,2026-12-26,Del Monte,176.18,267
5,Cereal Personal,00002174,Snacks,2027-03-08,Del Monte,35.68,29
7,Cereal Jumbo,00002175,Granos,2026-10-07,Nestlé,216.49,204
7,Limon Clasico,00002176,Congelados,2027-04-08,Knorr,108.24,41
6,Pina Entera,00002177,Carnes,2026-06-09,Colgate,178.76,136
5,Toalla Entera,00002178,Granos,2026-01-22,Knorr,55.36,251
2,Servilleta Especial,00002179,Panaderia,2026-05-16,Colgate,85.57,67
6,Mango Entera,00002180,Conservas,2027-03-11,Colgate,186.1,195
2,Chocolate Grande,00002181,Carnes,2026-07-03,Del Monte,35.23,390
6,Arroz Especial,00002182,Conservas,2027-04-23,Unilever,231.6,48
7,Crema Pequeño,00002183,Limpieza,2027-04-18,La Famosa,13.82,108
2,Manzana Pequeño,00002184,Carnes,2027-09-12,Colgate,113.78,377
3,Servilleta Original,00002185,Panaderia,2026-09-17,Foremost,44.23,150
2,Yogur Entera,00002186,Snacks,2026-12-07,Palmolive,125.27,282
1,Agua Integral,00002187,Higiene,2026-07-13,Tropical,70.06,104
5,Agua Especial,00002188,Bebidas,2027-01-26,Dos Pinos,115.49,372
4,Crema Personal,00002189,Bebidas,2026-05-18,Del Monte,45.26,33
4,Yogur Entera,00002190,Conservas,2026-05-05,Goya,218.73,36
2,Detergente Premium,00002191,Higiene,2026-11-12,Tropical,243.14,176
1,Lechuga Jumbo,00002192,Higiene,2026-03-14,Tropical,75.84,39
2,Detergente Natural,00002193,Bebidas,2027-05-06,Goya,242.99,285
8,Espinaca Pequeño,00002194,Congelados,2026-11-09,Tropical,139.07,428
7,Galleta Natural,00002195,Carnes,2026-11-26,Palmolive,41.44,128
4,Sardina Extra,00002196,Limpieza,2026-03-15,Diana,204.45,100
7,Platano Integral,00002197,Congelados,2026-05-01,Maggi,43.24,100
7,Aguacate Especial,00002198,Bebidas,2026-02-14,Sazon,115.39,340
2,Sal Pequeño,00002199,Higiene,2026-01-20,Del Monte,96.34,20
